,DEPT,GR_ARC,P28H_UNC,RHOB,TNPH,kmeans
8545,1527.35,71.69,1.49,1.99,0.33,3
8546,1527.51,73.78,1.75,2.18,0.36,1
8547,1527.66,77.02,1.57,2.37,0.37,1
8548,1527.81,76.34,1.49,2.39,0.34,1
8549,1527.96,78.09,1.4,2.39,0.33,1
8550,1528.11,80.13,1.35,2.38,0.32,1
8551,1528.27,83.54,1.33,2.39,0.32,1
8552,1528.42,83.66,1.36,2.38,0.32,1
8553,1528.57,81.44,1.41,2.39,0.3,1
8554,1528.72,81.15,1.41,2.4,0.3,1
8555,1528.88,78.26,1.48,2.4,0.29,1
8556,1529.03,75.14,1.67,2.38,0.29,1
8557,1529.18,73.78,1.67,2.36,0.28,2
8558,1529.33,74.29,1.48,2.38,0.29,1
8559,1529.49,77.48,1.45,2.38,0.31,1
8560,1529.64,74.99,1.46,2.39,0.33,1
8561,1529.79,75.21,1.43,2.39,0.34,1
8562,1529.94,77.6,1.37,2.39,0.36,1
8563,1530.1,79.86,1.41,2.37,0.37,1
8564,1530.25,80.76,1.39,2.35,0.36,1
8565,1530.4,78.43,1.3,2.35,0.34,1
8566,1530.55,79.96,1.33,2.39,0.34,1
8567,1530.71,76.4,1.46,2.38,0.36,1
8568,1530.86,75.21,1.46,2.41,0.37,1
8569,1531.01,74.65,1.36,2.38,0.37,1
8570,1531.16,76.4,1.36,2.39,0.34,1
8571,1531.32,80.32,1.39,2.37,0.33,1
8572,1531.47,81.05,1.32,2.37,0.31,1
8573,1531.62,87.23,1.34,2.36,0.32,1
8574,1531.77,81.49,1.53,2.36,0.33,1
8575,1531.92,77.53,1.62,2.37,0.34,1
8576,1532.08,69.19,1.7,2.39,0.32,1
8577,1532.23,69.92,1.54,2.38,0.31,1
8578,1532.38,70.87,1.36,2.37,0.3,1
8579,1532.53,73.66,1.38,2.34,0.32,1
8580,1532.69,72.42,1.56,2.36,0.32,1
8581,1532.84,66.51,1.6,2.38,0.33,1
8582,1532.99,61.17,1.54,2.4,0.32,1
8583,1533.14,60.49,1.37,2.39,0.31,1
8584,1533.3,63.74,1.3,2.38,0.31,1
8585,1533.45,68.34,1.3,2.38,0.36,1
8586,1533.6,74.07,1.32,2.39,0.37,1
8587,1533.75,78.26,1.36,2.38,0.38,1
8588,1533.91,80.54,1.32,2.37,0.35,1
8589,1534.06,77.94,1.18,2.38,0.35,1
8590,1534.21,76.86,1.17,2.38,0.35,1
8591,1534.36,75.16,1.24,2.39,0.36,1
8592,1534.52,78.5,1.43,2.37,0.35,1
8593,1534.67,82.46,1.44,2.36,0.36,1
8594,1534.82,84.27,1.38,2.36,0.36,1
8595,1534.97,80.3,1.33,2.37,0.35,1
8596,1535.13,76.05,1.42,2.39,0.34,1
8597,1535.28,72.59,1.58,2.39,0.34,1
8598,1535.43,71.11,1.54,2.4,0.33,1
8599,1535.58,72.3,1.46,2.4,0.33,1
8600,1535.73,71.96,1.45,2.41,0.32,1
8601,1535.89,73.05,1.56,2.41,0.3,1
8602,1536.04,72.95,1.66,2.41,0.3,1
8603,1536.19,76.97,1.68,2.42,0.28,2
8604,1536.34,75.88,1.75,2.42,0.33,1
8605,1536.5,71.55,1.79,2.42,0.31,1
8606,1536.65,66.34,1.8,2.43,0.28,2
8607,1536.8,65.66,1.63,2.42,0.28,2
8608,1536.95,68.17,1.45,2.4,0.27,2
8609,1537.11,71.11,1.46,2.4,0.29,1
8610,1537.26,73.27,1.59,2.42,0.29,1
8611,1537.41,75.71,1.56,2.43,0.31,1
8612,1537.56,76.22,1.46,2.41,0.33,1
8613,1537.72,77.87,1.51,2.41,0.36,1
8614,1537.87,79.01,1.52,2.39,0.36,1
8615,1538.02,80.76,1.43,2.41,0.34,1
8616,1538.17,82.86,1.51,2.4,0.34,1
8617,1538.33,83.25,1.55,2.42,0.33,1
8618,1538.48,83.83,1.56,2.41,0.34,1
8619,1538.63,81.89,1.45,2.41,0.33,1
8620,1538.78,82.51,1.57,2.4,0.32,1
8621,1538.94,81.94,1.56,2.38,0.29,1
8622,1539.09,85.29,1.56,2.4,0.31,1
8623,1539.24,83.64,1.61,2.4,0.31,1
8624,1539.39,83.37,1.58,2.43,0.33,1
8625,1539.54,80.93,1.58,2.41,0.32,1
8626,1539.7,78.55,1.66,2.42,0.33,1
8627,1539.85,77.97,1.66,2.4,0.31,1
8628,1540.0,76.73,1.61,2.4,0.29,1
8629,1540.15,77.46,1.5,2.4,0.29,1
8630,1540.31,78.89,1.59,2.4,0.3,1
8631,1540.46,79.45,1.69,2.41,0.31,1
8632,1540.61,82.17,1.38,2.39,0.31,1
8633,1540.76,84.05,1.3,2.4,0.32,1
8634,1540.92,85.36,1.37,2.4,0.34,1
8635,1541.07,87.42,1.33,2.43,0.35,1
8636,1541.22,85.32,1.31,2.43,0.34,1
8637,1541.37,83.04,1.41,2.44,0.32,1
8638,1541.53,77.41,1.44,2.43,0.32,1
8639,1541.68,74.45,1.38,2.43,0.32,1
8640,1541.83,75.64,1.32,2.44,0.32,1
8641,1541.98,79.04,1.36,2.44,0.35,1
8642,1542.14,81.71,1.39,2.44,0.33,1
8643,1542.29,82.17,1.36,2.44,0.33,1
8644,1542.44,80.08,1.27,2.45,0.32,1
8645,1542.59,79.23,1.24,2.44,0.34,1
8646,1542.75,78.94,1.23,2.45,0.34,1
8647,1542.9,81.03,1.23,2.44,0.34,1
8648,1543.05,80.81,1.29,2.45,0.33,1
8649,1543.2,82.0,1.27,2.44,0.35,1
8650,1543.35,82.07,1.25,2.43,0.36,1
8651,1543.51,84.0,1.3,2.43,0.36,1
8652,1543.66,83.6,1.3,2.43,0.34,1
8653,1543.81,83.09,1.29,2.43,0.32,1
8654,1543.96,82.7,1.29,2.41,0.31,1
8655,1544.12,81.56,1.32,2.41,0.31,1
8656,1544.27,78.96,1.46,2.42,0.3,1
8657,1544.42,76.57,1.55,2.43,0.31,1
8658,1544.57,74.43,1.53,2.43,0.33,1
8659,1544.73,72.95,1.49,2.42,0.33,1
8660,1544.88,72.32,1.47,2.41,0.33,1
8661,1545.03,73.22,1.51,2.39,0.3,1
8662,1545.18,75.09,1.49,2.38,0.32,1
8663,1545.34,75.48,1.43,2.39,0.31,1
8664,1545.49,74.24,1.47,2.41,0.32,1
8665,1545.64,71.06,1.55,2.41,0.31,1
8666,1545.79,68.79,1.52,2.39,0.31,1
8667,1545.95,68.11,1.47,2.39,0.31,1
8668,1546.1,69.37,1.46,2.41,0.31,1
8669,1546.25,68.98,1.48,2.42,0.32,1
8670,1546.4,69.32,1.5,2.43,0.32,1
8671,1546.56,70.05,1.49,2.43,0.32,1
8672,1546.71,70.11,1.47,2.43,0.32,1
8673,1546.86,67.26,1.39,2.44,0.31,1
8674,1547.01,62.38,1.33,2.43,0.33,1
8675,1547.16,60.33,1.3,2.41,0.33,1
8676,1547.32,61.41,1.34,2.4,0.35,1
8677,1547.47,65.78,1.25,2.39,0.33,1
8678,1547.62,71.11,1.19,2.4,0.34,1
8679,1547.77,76.05,1.2,2.41,0.34,1
8680,1547.93,78.94,1.16,2.41,0.35,1
8681,1548.08,77.8,1.18,2.42,0.33,1
8682,1548.23,74.23,1.21,2.42,0.3,1
8683,1548.38,72.74,1.15,2.42,0.31,1
8684,1548.54,74.62,1.08,2.41,0.34,1
8685,1548.69,77.07,1.06,2.4,0.36,1
8686,1548.84,77.63,1.13,2.4,0.37,1
8687,1548.99,76.73,1.18,2.42,0.35,1
8688,1549.15,77.39,1.26,2.42,0.34,1
8689,1549.3,78.87,1.29,2.43,0.34,1
8690,1549.45,79.28,1.25,2.42,0.35,1
8691,1549.6,76.23,1.22,2.44,0.36,1
8692,1549.76,74.65,1.25,2.44,0.35,1
8693,1549.91,77.65,1.31,2.43,0.35,1
8694,1550.06,81.73,1.24,2.43,0.37,1
8695,1550.21,84.34,1.15,2.43,0.37,1
8696,1550.37,82.92,1.13,2.45,0.39,1
8697,1550.52,80.08,1.18,2.43,0.39,1
8698,1550.67,78.33,1.09,2.42,0.39,1
8699,1550.82,79.57,1.04,2.37,0.39,1
8700,1550.97,83.14,1.08,2.37,0.36,1
8701,1551.13,86.43,1.15,2.36,0.35,1
8702,1551.28,87.28,1.16,2.4,0.36,1
8703,1551.43,87.57,1.12,2.42,0.36,1
8704,1551.58,85.65,1.08,2.42,0.38,1
8705,1551.74,83.14,1.15,2.4,0.37,1
8706,1551.89,80.13,1.39,2.4,0.36,1
8707,1552.04,78.43,1.34,2.42,0.35,1
8708,1552.19,78.72,1.19,2.43,0.35,1
8709,1552.35,82.91,1.11,2.42,0.35,1
8710,1552.5,85.8,1.11,2.41,0.34,1
8711,1552.65,87.21,1.25,2.41,0.35,1
8712,1552.8,84.66,1.45,2.41,0.34,1
8713,1552.96,80.34,1.33,2.42,0.33,1
8714,1553.11,79.26,1.29,2.41,0.33,1
8715,1553.26,79.21,1.32,2.44,0.34,1
8716,1553.41,80.98,1.34,2.44,0.34,1
8717,1553.57,80.35,1.27,2.45,0.35,1
8718,1553.72,79.96,1.31,2.43,0.34,1
8719,1553.87,78.43,1.39,2.39,0.31,1
8720,1554.02,73.44,1.54,2.42,0.29,1
8721,1554.18,68.28,1.86,2.46,0.28,2
8722,1554.33,62.26,2.25,2.52,0.27,0
8723,1554.48,58.75,2.58,2.5,0.26,0
8724,1554.63,54.09,2.4,2.5,0.24,0
8725,1554.78,51.43,2.35,2.5,0.23,0
8726,1554.94,48.37,2.6,2.52,0.24,0
8727,1555.09,47.74,2.79,2.5,0.24,0
8728,1555.24,52.73,2.56,2.48,0.26,0
8729,1555.39,58.85,2.4,2.46,0.26,0
8730,1555.55,61.48,2.28,2.45,0.26,2
8731,1555.7,58.24,2.27,2.47,0.24,0
8732,1555.85,53.41,2.5,2.5,0.23,0
8733,1556.0,48.64,2.72,2.52,0.22,0
8735,1556.31,38.33,2.97,2.52,0.21,0
8736,1556.46,40.54,2.66,2.48,0.22,0
8737,1556.61,48.98,1.99,2.47,0.25,0
8738,1556.77,57.56,1.63,2.46,0.27,2
8739,1556.92,61.94,1.6,2.45,0.28,2
8740,1557.07,62.56,1.66,2.47,0.28,2
8741,1557.22,59.55,1.51,2.48,0.28,2
8742,1557.38,54.89,1.65,2.48,0.29,2
8743,1557.53,50.41,1.73,2.47,0.29,2
8744,1557.68,49.61,1.62,2.46,0.3,2
8745,1557.83,56.37,1.56,2.45,0.31,2
8746,1557.99,62.6,1.53,2.43,0.31,1
8747,1558.14,66.8,1.62,2.43,0.3,2
8748,1558.29,63.18,1.92,2.43,0.29,2
8749,1558.44,59.04,1.84,2.46,0.28,2
8750,1558.59,51.99,1.87,2.47,0.28,2
8751,1558.75,47.57,1.82,2.46,0.28,2
8752,1558.9,48.59,1.68,2.43,0.28,2
8753,1559.05,54.33,1.49,2.42,0.28,2
8754,1559.2,59.09,1.44,2.43,0.29,2
8755,1559.36,61.94,1.44,2.44,0.28,2
8756,1559.51,63.36,1.57,2.46,0.29,2
8757,1559.66,61.2,2.0,2.49,0.29,2
8758,1559.81,55.86,2.13,2.49,0.28,2
8759,1559.97,50.9,1.93,2.48,0.27,2
8760,1560.12,51.47,2.22,2.47,0.27,0
8761,1560.27,49.54,2.37,2.48,0.27,0
8762,1560.42,46.21,2.52,2.48,0.28,0
8763,1560.58,44.56,2.36,2.48,0.27,0
8764,1560.73,49.2,1.68,2.48,0.27,2
8765,1560.88,56.52,1.51,2.46,0.28,2
8766,1561.03,62.21,1.43,2.44,0.3,1
8767,1561.19,62.79,1.31,2.44,0.31,1
8768,1561.34,61.99,1.32,2.46,0.32,1
8769,1561.49,57.44,1.45,2.47,0.32,1
8770,1561.64,55.62,1.54,2.46,0.3,2
8771,1561.8,57.83,1.54,2.45,0.29,2
8772,1561.95,61.46,1.52,2.45,0.29,2
8773,1562.1,64.23,1.69,2.46,0.29,2
8774,1562.25,60.73,1.82,2.47,0.3,2
8775,1562.4,59.21,1.65,2.46,0.31,2
8776,1562.56,59.72,1.46,2.44,0.32,1
8777,1562.71,66.68,1.36,2.44,0.32,1
8778,1562.86,73.32,1.33,2.44,0.32,1
8779,1563.01,74.57,1.38,2.43,0.32,1
8780,1563.17,74.0,1.37,2.44,0.35,1
8781,1563.32,74.57,1.27,2.43,0.36,1
8782,1563.47,78.38,1.25,2.44,0.37,1
8783,1563.62,78.89,1.29,2.45,0.35,1
8784,1563.78,77.63,1.28,2.45,0.34,1
8785,1563.93,75.3,1.26,2.45,0.33,1
8786,1564.08,76.15,1.26,2.44,0.34,1
8787,1564.23,76.95,1.21,2.42,0.34,1
8788,1564.39,76.78,1.2,2.4,0.36,1
8789,1564.54,79.06,1.18,2.39,0.35,1
8790,1564.69,80.13,1.15,2.41,0.35,1
8791,1564.84,82.75,1.15,2.41,0.35,1
8792,1565.0,82.06,1.16,2.42,0.37,1
8793,1565.15,80.54,1.16,2.42,0.36,1
8794,1565.3,80.93,1.22,2.41,0.35,1
8795,1565.45,77.94,1.34,2.42,0.34,1
8796,1565.61,80.3,1.35,2.42,0.33,1
8797,1565.76,80.01,1.23,2.41,0.34,1
8798,1565.91,81.48,1.21,2.39,0.33,1
8799,1566.06,78.6,1.2,2.4,0.35,1
8800,1566.21,78.77,1.28,2.42,0.35,1
8801,1566.37,76.51,1.41,2.45,0.34,1
8802,1566.52,74.85,1.48,2.47,0.31,1
8803,1566.67,72.81,1.36,2.47,0.3,1
8804,1566.82,73.15,1.35,2.47,0.32,1
8805,1566.98,71.16,1.36,2.47,0.33,1
8806,1567.13,67.59,1.51,2.47,0.33,1
8807,1567.28,66.8,1.51,2.45,0.32,1
8808,1567.43,70.11,1.43,2.43,0.3,1
8809,1567.59,70.67,1.36,2.42,0.32,1
8810,1567.74,69.87,1.36,2.43,0.33,1
8811,1567.89,68.95,1.36,2.43,0.33,1
8812,1568.04,73.27,1.38,2.43,0.33,1
8813,1568.2,77.24,1.38,2.43,0.33,1
8814,1568.35,77.87,1.41,2.44,0.34,1
8815,1568.5,75.54,1.47,2.43,0.33,1
8816,1568.65,75.76,1.37,2.42,0.34,1
8817,1568.81,79.62,1.41,2.42,0.35,1
8818,1568.96,86.14,1.34,2.45,0.35,1
8819,1569.11,87.16,1.36,2.46,0.35,1
8820,1569.26,87.66,1.39,2.46,0.36,1
8821,1569.42,84.93,1.36,2.44,0.35,1
8822,1569.57,85.78,1.31,2.44,0.36,1
8823,1569.72,84.71,1.35,2.44,0.35,1
8824,1569.87,84.22,1.35,2.44,0.36,1
8825,1570.02,83.26,1.32,2.43,0.36,1
8826,1570.18,82.41,1.29,2.42,0.37,1
8827,1570.33,83.26,1.28,2.42,0.37,1
8828,1570.48,84.97,1.27,2.42,0.37,1
8829,1570.63,88.1,1.19,2.43,0.38,1
8830,1570.79,91.43,1.18,2.43,0.39,1
8831,1570.94,91.32,1.21,2.43,0.38,1
8832,1571.09,91.64,1.24,2.43,0.37,1
8833,1571.24,92.32,1.27,2.44,0.37,1
8834,1571.4,91.37,1.24,2.44,0.38,1
8835,1571.55,89.51,1.22,2.44,0.38,1
8836,1571.7,87.59,1.24,2.42,0.37,1
8837,1571.85,87.3,1.3,2.43,0.36,1
8838,1572.01,88.42,1.34,2.44,0.35,1
8839,1572.16,88.98,1.37,2.44,0.38,1
8840,1572.31,90.35,1.36,2.43,0.37,1
8842,1572.62,88.54,1.29,2.42,0.39,1
8844,1572.92,92.8,1.36,2.44,0.37,1
8845,1573.07,96.03,1.43,2.44,0.38,1
8848,1573.53,99.88,1.99,2.42,0.38,1
8849,1573.68,97.85,1.54,2.41,0.36,1
8851,1573.99,99.66,1.23,2.39,0.38,1
8853,1574.29,95.4,1.16,2.41,0.38,1
8854,1574.44,93.99,1.1,2.42,0.37,1
8855,1574.6,91.15,1.08,2.42,0.37,1
8856,1574.75,87.18,1.09,2.43,0.39,1
8859,1575.21,91.6,1.19,2.43,0.39,1
8860,1575.36,89.51,1.21,2.42,0.38,1
8861,1575.51,91.6,1.25,2.43,0.35,1
8862,1575.66,87.3,1.46,2.47,0.32,1
8863,1575.82,78.33,2.16,2.51,0.28,2
8864,1575.97,59.65,2.59,2.55,0.25,0
8865,1576.12,48.18,2.64,2.55,0.23,0
8866,1576.27,46.55,2.76,2.55,0.21,0
8885,1579.17,42.29,2.37,2.53,0.21,0
8886,1579.32,47.96,2.45,2.53,0.23,0
8887,1579.47,45.64,2.74,2.52,0.22,0
8888,1579.63,43.84,2.81,2.5,0.22,0
8889,1579.78,42.53,2.36,2.47,0.24,0
8890,1579.93,50.34,1.83,2.48,0.26,2
8891,1580.08,61.12,1.54,2.47,0.28,2
8892,1580.24,70.87,1.48,2.46,0.31,1
8893,1580.39,76.0,1.47,2.44,0.32,1
8894,1580.54,75.88,1.38,2.46,0.33,1
8895,1580.69,73.78,1.42,2.49,0.32,1
8896,1580.85,67.99,1.5,2.5,0.29,2
8897,1581.0,66.46,1.55,2.47,0.29,2
8898,1581.15,68.85,1.31,2.45,0.31,1
8899,1581.3,74.46,1.27,2.45,0.34,1
8900,1581.45,75.83,1.28,2.46,0.35,1
8901,1581.61,75.38,1.31,2.46,0.33,1
8902,1581.76,76.11,1.31,2.46,0.33,1
8903,1581.91,79.47,1.29,2.46,0.34,1
8904,1582.06,81.95,1.29,2.46,0.33,1
8905,1582.22,82.4,1.25,2.46,0.34,1
8906,1582.37,78.41,1.21,2.46,0.35,1
8907,1582.52,76.44,1.23,2.45,0.35,1
8908,1582.67,74.85,1.28,2.46,0.33,1
8909,1582.83,74.17,1.33,2.47,0.31,1
8910,1582.98,71.55,1.59,2.48,0.28,2
8911,1583.13,64.91,1.65,2.48,0.25,2
8912,1583.28,55.11,2.09,2.49,0.23,0
8913,1583.44,46.43,2.74,2.51,0.21,0
8914,1583.59,41.56,2.8,2.52,0.2,0
8915,1583.74,41.34,2.68,2.53,0.2,0
8916,1583.89,42.43,2.3,2.54,0.21,0
8917,1584.05,44.06,2.22,2.51,0.24,0
8918,1584.2,48.54,1.94,2.48,0.26,2
8919,1584.35,54.5,1.6,2.47,0.28,2
8920,1584.5,61.31,1.49,2.46,0.28,2
8921,1584.66,66.0,1.45,2.46,0.28,2
8922,1584.81,66.51,1.44,2.45,0.29,2
8923,1584.96,66.46,1.37,2.46,0.29,2
8924,1585.11,65.05,1.36,2.47,0.29,2
8925,1585.26,64.08,1.38,2.47,0.29,2
8926,1585.42,60.79,1.48,2.47,0.29,2
8927,1585.57,58.99,1.49,2.46,0.29,2
8928,1585.72,57.8,1.5,2.46,0.3,2
8929,1585.87,59.72,1.49,2.45,0.3,2
8930,1586.03,62.09,1.42,2.46,0.32,1
8931,1586.18,65.32,1.42,2.46,0.31,1
8932,1586.33,65.2,1.39,2.46,0.31,1
8933,1586.48,61.92,1.44,2.47,0.27,2
8934,1586.64,55.96,1.7,2.49,0.26,2
8935,1586.79,51.99,1.89,2.5,0.24,0
8936,1586.94,49.51,1.89,2.51,0.25,0
8937,1587.09,50.87,1.75,2.51,0.25,2
8938,1587.25,53.88,1.76,2.5,0.25,2
8939,1587.4,55.86,1.8,2.49,0.24,2
8940,1587.55,56.98,1.64,2.48,0.25,2
8941,1587.7,55.5,1.57,2.47,0.27,2
8942,1587.86,54.82,1.54,2.47,0.28,2
8943,1588.01,54.72,1.54,2.47,0.29,2
8944,1588.16,54.26,1.49,2.47,0.28,2
8945,1588.31,54.55,1.46,2.46,0.28,2
8946,1588.47,55.86,1.33,2.45,0.29,2
8947,1588.62,57.0,1.31,2.44,0.3,2
8948,1588.77,61.59,1.23,2.44,0.33,1
8949,1588.92,62.67,1.21,2.44,0.33,1
8950,1589.07,63.3,1.24,2.44,0.32,1
8951,1589.23,61.7,1.29,2.45,0.3,1
8952,1589.38,59.31,1.29,2.46,0.32,1
8953,1589.53,58.28,1.3,2.48,0.33,1
8954,1589.68,56.98,1.33,2.49,0.34,1
8955,1589.84,58.51,1.32,2.46,0.32,1
8956,1589.99,61.65,1.28,2.44,0.3,1
8957,1590.14,64.88,1.26,2.42,0.31,1
8958,1590.29,63.91,1.26,2.43,0.3,1
8959,1590.45,63.4,1.28,2.44,0.31,1
8960,1590.6,59.71,1.28,2.46,0.31,1
8961,1590.75,62.16,1.26,2.46,0.32,1
8962,1590.9,62.28,1.24,2.45,0.32,1
8963,1591.06,64.56,1.2,2.44,0.32,1
8964,1591.21,65.85,1.2,2.44,0.33,1
8965,1591.36,66.51,1.21,2.44,0.35,1
8966,1591.51,66.91,1.18,2.44,0.36,1
8967,1591.67,67.37,1.14,2.43,0.35,1
8968,1591.82,68.79,1.16,2.44,0.36,1
8969,1591.97,71.13,1.21,2.45,0.33,1
8970,1592.12,70.72,1.21,2.44,0.31,1
8971,1592.28,68.1,1.2,2.43,0.29,1
8972,1592.43,68.42,1.2,2.42,0.29,1
8973,1592.58,67.42,1.26,2.44,0.3,1
8974,1592.73,68.39,1.3,2.45,0.3,1
8975,1592.88,64.03,1.4,2.47,0.3,1
8976,1593.04,62.77,1.42,2.48,0.29,2
8977,1593.19,57.95,1.48,2.47,0.28,2
8978,1593.34,56.52,1.42,2.45,0.27,2
8979,1593.49,55.5,1.39,2.44,0.27,2
8980,1593.65,58.28,1.46,2.45,0.28,2
8981,1593.8,59.98,1.5,2.47,0.28,2
8982,1593.95,57.82,1.53,2.48,0.28,2
8983,1594.1,57.13,1.48,2.48,0.28,2
8984,1594.26,54.09,1.43,2.47,0.28,2
8985,1594.41,55.52,1.39,2.45,0.27,2
8986,1594.56,55.06,1.41,2.45,0.27,2
8987,1594.71,56.52,1.44,2.46,0.28,2
8988,1594.87,55.33,1.46,2.47,0.29,2
8989,1595.02,54.43,1.51,2.48,0.29,2
8990,1595.17,54.26,1.53,2.49,0.28,2
8991,1595.32,54.65,1.54,2.49,0.27,2
8992,1595.48,52.95,1.6,2.5,0.27,2
8993,1595.63,50.29,1.68,2.49,0.27,2
8994,1595.78,49.39,1.67,2.49,0.26,2
8995,1595.93,50.19,1.68,2.49,0.26,2
8996,1596.09,51.82,1.58,2.5,0.26,2
8997,1596.24,52.05,1.57,2.51,0.26,2
8998,1596.39,51.02,1.62,2.5,0.27,2
8999,1596.54,53.75,1.66,2.48,0.27,2
9000,1596.69,53.87,1.65,2.48,0.27,2
9001,1596.85,57.39,1.62,2.47,0.27,2
9002,1597.0,53.54,1.61,2.48,0.27,2
9003,1597.15,52.96,1.59,2.5,0.26,2
9004,1597.3,51.6,1.62,2.51,0.27,2
9005,1597.46,51.99,1.61,2.5,0.27,2
9006,1597.61,50.48,1.43,2.48,0.28,2
9007,1597.76,48.66,1.37,2.47,0.28,2
9008,1597.91,48.2,1.3,2.48,0.29,2
9009,1598.07,51.82,1.37,2.47,0.28,2
9010,1598.22,53.75,1.46,2.48,0.28,2
9011,1598.37,54.72,1.42,2.47,0.29,2
9012,1598.52,53.3,1.34,2.49,0.32,1
9013,1598.68,54.22,1.35,2.47,0.32,1
9014,1598.83,58.53,1.27,2.47,0.32,1
9015,1598.98,61.65,1.24,2.45,0.31,1
9016,1599.13,63.79,1.24,2.45,0.32,1
9017,1599.29,61.19,1.22,2.44,0.31,1
9018,1599.44,59.14,1.23,2.46,0.32,1
9019,1599.59,60.96,1.31,2.47,0.31,1
9020,1599.74,63.52,1.3,2.48,0.3,1
9021,1599.9,64.15,1.31,2.49,0.29,2
9022,1600.05,62.5,1.29,2.49,0.3,1
9023,1600.2,63.23,1.26,2.48,0.31,1
9024,1600.35,65.44,1.32,2.47,0.31,1
9025,1600.5,68.34,1.41,2.48,0.3,1
9026,1600.66,67.26,1.39,2.48,0.31,1
9027,1600.81,66.57,1.32,2.49,0.31,1
9028,1600.96,65.71,1.28,2.47,0.32,1
9029,1601.11,65.25,1.26,2.47,0.33,1
9030,1601.27,65.78,1.39,2.48,0.32,1
9031,1601.42,63.98,1.5,2.5,0.3,2
9032,1601.57,64.1,1.77,2.51,0.28,2
9033,1601.72,61.48,2.04,2.5,0.28,2
9034,1601.88,56.25,2.1,2.49,0.28,2
9035,1602.03,52.85,1.77,2.49,0.27,2
9036,1602.18,52.62,1.66,2.51,0.26,2
9037,1602.33,53.75,1.6,2.51,0.25,2
9038,1602.49,53.68,1.62,2.51,0.24,2
9039,1602.64,52.32,1.69,2.5,0.24,2
9040,1602.79,51.93,1.71,2.5,0.24,2
9041,1602.94,49.1,1.8,2.5,0.24,2
9042,1603.1,46.82,1.94,2.51,0.22,0
9043,1603.25,44.15,2.01,2.52,0.23,0
9044,1603.4,43.86,2.13,2.53,0.22,0
9045,1603.55,43.35,2.19,2.53,0.22,0
9046,1603.71,42.5,2.15,2.52,0.21,0
9047,1603.86,43.47,2.16,2.51,0.21,0
9048,1604.01,42.39,2.34,2.49,0.21,0
9049,1604.16,40.25,2.61,2.5,0.2,0
9050,1604.31,35.19,2.67,2.51,0.19,0
9051,1604.47,33.22,2.87,2.52,0.2,0
9058,1605.53,40.83,2.76,2.48,0.2,0
9059,1605.69,38.84,2.73,2.46,0.19,0
9060,1605.84,36.62,2.67,2.47,0.19,0
9061,1605.99,33.95,2.51,2.48,0.19,0
9062,1606.14,34.41,2.57,2.48,0.18,0
9063,1606.3,32.98,2.56,2.49,0.18,0
9064,1606.45,32.69,2.47,2.5,0.18,0
9065,1606.6,32.42,2.51,2.51,0.2,0
9066,1606.75,36.16,2.37,2.5,0.2,0
9067,1606.91,36.74,2.24,2.49,0.2,0
9068,1607.06,37.87,2.26,2.5,0.19,0
9069,1607.21,37.13,2.27,2.52,0.18,0
9070,1607.36,39.18,2.28,2.5,0.19,0
9071,1607.52,38.5,2.26,2.51,0.19,0
9072,1607.67,37.87,2.33,2.47,0.2,0
9073,1607.82,34.63,2.45,2.48,0.19,0
9074,1607.97,35.19,2.28,2.48,0.19,0
9075,1608.12,33.1,2.18,2.49,0.2,0
9076,1608.28,34.39,2.23,2.51,0.2,0
9077,1608.43,34.89999999999999,2.18,2.5,0.2,0
9078,1608.58,38.02,2.13,2.52,0.2,0
9079,1608.73,38.77,2.11,2.51,0.21,0
9080,1608.89,38.72,2.11,2.52,0.21,0
9081,1609.04,38.84,2.12,2.5,0.21,0
9082,1609.19,39.45,2.16,2.5,0.21,0
9083,1609.34,39.74,2.29,2.5,0.21,0
9084,1609.5,39.11,2.29,2.48,0.22,0
9085,1609.65,38.5,2.31,2.48,0.22,0
9086,1609.8,38.72,2.38,2.48,0.22,0
9087,1609.95,40.66,2.28,2.5,0.23,0
9088,1610.11,41.9,2.27,2.51,0.23,0
9089,1610.26,41.22,2.08,2.49,0.24,0
9090,1610.41,39.52,2.06,2.5,0.23,0
9091,1610.56,38.33,2.22,2.48,0.22,0
9092,1610.72,37.64,2.29,2.5,0.21,0
9093,1610.87,37.53,2.45,2.51,0.21,0
9094,1611.02,38.09,2.73,2.5,0.21,0
9095,1611.17,38.48,2.96,2.5,0.2,0
9097,1611.48,37.0,2.86,2.55,0.2,0
9098,1611.63,37.85,2.62,2.55,0.2,0
9099,1611.78,38.36,2.28,2.52,0.21,0
9100,1611.93,40.13,2.27,2.51,0.21,0
9101,1612.09,40.88,2.17,2.5,0.21,0
9102,1612.24,42.19,2.17,2.52,0.2,0
9103,1612.39,40.37,2.15,2.5,0.2,0
9104,1612.54,37.76,2.18,2.51,0.19,0
9105,1612.7,36.16,2.4,2.49,0.19,0
9106,1612.85,33.61,2.46,2.49,0.18,0
9107,1613.0,32.52,2.44,2.48,0.17,0
9108,1613.15,30.89,2.39,2.47,0.19,0
9109,1613.31,33.22,2.05,2.46,0.2,0
9110,1613.46,35.67,2.02,2.45,0.21,0
9111,1613.61,38.27,2.04,2.46,0.22,0
9112,1613.76,40.71,2.16,2.45,0.23,0
9113,1613.92,40.25,2.16,2.46,0.24,0
9114,1614.07,37.92,2.03,2.46,0.24,0
9115,1614.22,39.62,2.15,2.46,0.24,0
9116,1614.37,42.17,2.19,2.47,0.22,0
9117,1614.53,43.6,2.11,2.46,0.21,0
9118,1614.68,39.57,2.09,2.46,0.22,0
9119,1614.83,35.41,2.07,2.47,0.21,0
9120,1614.98,34.17,2.07,2.48,0.21,0
9121,1615.14,33.22,2.01,2.48,0.2,0
9122,1615.29,33.58,1.97,2.48,0.2,0
9123,1615.44,34.82,1.98,2.47,0.21,0
9124,1615.59,36.57,2.0,2.47,0.22,0
9125,1615.74,37.25,2.05,2.46,0.22,0
9126,1615.9,37.08,2.06,2.46,0.21,0
9127,1616.05,37.18,2.01,2.46,0.21,0
9128,1616.2,39.06,1.93,2.48,0.22,0
9129,1616.35,41.2,1.95,2.48,0.23,0
9130,1616.51,43.48,2.08,2.49,0.22,0
9131,1616.66,41.78,2.21,2.49,0.21,0
9132,1616.81,38.44,2.23,2.49,0.2,0
9133,1616.96,36.52,2.08,2.49,0.2,0
9134,1617.12,39.23,2.02,2.5,0.21,0
9135,1617.27,43.6,2.06,2.51,0.21,0
9136,1617.42,44.5,2.16,2.51,0.21,0
9137,1617.57,43.94,2.22,2.51,0.21,0
9138,1617.73,42.17,2.35,2.51,0.21,0
9139,1617.88,40.47,2.41,2.5,0.22,0
9140,1618.03,38.72,2.38,2.5,0.22,0
9141,1618.18,37.59,2.23,2.5,0.22,0
9142,1618.34,40.25,2.15,2.52,0.22,0
9143,1618.49,40.13,2.21,2.52,0.22,0
9144,1618.64,40.79,2.23,2.52,0.21,0
9145,1618.79,37.85,2.11,2.51,0.21,0
9146,1618.95,38.14,2.08,2.51,0.21,0
9147,1619.1,39.84,2.1,2.5,0.22,0
9148,1619.25,41.49,1.95,2.5,0.23,0
9149,1619.4,43.36,1.93,2.49,0.23,0
9150,1619.55,42.97,2.01,2.49,0.24,0
9151,1619.71,43.94,2.02,2.49,0.24,0
9152,1619.86,46.33,1.96,2.5,0.25,0
9153,1620.01,47.47,2.0,2.49,0.24,0
9154,1620.16,47.13,2.03,2.48,0.23,0
9155,1620.32,44.74,1.97,2.48,0.23,0
9156,1620.47,45.25,1.83,2.48,0.23,0
9157,1620.62,48.15,1.79,2.48,0.23,2
9158,1620.77,49.61,1.89,2.49,0.24,0
9159,1620.93,46.99,1.94,2.49,0.24,0
9160,1621.08,43.76,2.0,2.5,0.23,0
9161,1621.23,42.56,1.99,2.5,0.23,0
9162,1621.38,44.96,1.95,2.49,0.24,0
9163,1621.54,47.57,1.94,2.48,0.23,0
9164,1621.69,49.0,1.99,2.48,0.22,0
9165,1621.84,47.69,2.14,2.5,0.22,0
9166,1621.99,42.8,2.23,2.53,0.22,0
9167,1622.15,42.51,2.17,2.53,0.22,0
9168,1622.3,45.41,2.15,2.52,0.21,0
9169,1622.45,49.49,2.17,2.51,0.22,0
9170,1622.6,49.1,2.07,2.5,0.22,0
9171,1622.76,46.33,2.0,2.49,0.23,0
9172,1622.91,49.0,1.81,2.5,0.25,2
9173,1623.06,52.23,1.67,2.5,0.25,2
9174,1623.21,54.33,1.63,2.52,0.25,2
9175,1623.36,53.47,1.71,2.51,0.24,2
9176,1623.52,50.58,1.84,2.5,0.25,2
9177,1623.67,48.59,1.95,2.5,0.24,0
9178,1623.82,47.28,1.93,2.52,0.24,0
9179,1623.97,47.96,1.82,2.53,0.24,0
9180,1624.13,49.39,1.79,2.52,0.24,0
9181,1624.28,50.24,1.92,2.52,0.24,0
9182,1624.43,48.47,1.88,2.51,0.24,0
9183,1624.58,46.77,1.83,2.51,0.24,0
9184,1624.74,45.7,1.83,2.5,0.23,0
9185,1624.89,47.47,1.81,2.5,0.22,0
9186,1625.04,47.98,2.05,2.51,0.22,0
9187,1625.19,45.93,2.1,2.51,0.22,0
9188,1625.35,46.72,1.95,2.51,0.22,0
9189,1625.5,46.72,1.95,2.51,0.22,0
9190,1625.65,49.15,2.0,2.51,0.22,0
9191,1625.8,46.21,2.06,2.5,0.23,0
9192,1625.96,44.1,2.14,2.48,0.23,0
9193,1626.11,42.46,2.02,2.47,0.23,0
9194,1626.26,41.78,2.02,2.47,0.23,0
9195,1626.41,41.27,2.11,2.48,0.23,0
9196,1626.57,40.52,2.18,2.48,0.22,0
9197,1626.72,38.04,2.27,2.49,0.21,0
9198,1626.87,37.53,2.3,2.5,0.21,0
9199,1627.02,34.41,2.31,2.51,0.21,0
9200,1627.17,34.89999999999999,2.32,2.5,0.21,0
9201,1627.33,35.53,2.33,2.49,0.21,0
9202,1627.48,34.34,2.31,2.48,0.22,0
9203,1627.63,32.59,2.24,2.47,0.22,0
9204,1627.78,31.74,2.16,2.47,0.21,0
9205,1627.94,33.22,2.16,2.48,0.21,0
9206,1628.09,35.26,2.21,2.49,0.22,0
9207,1628.24,36.11,2.19,2.49,0.23,0
9208,1628.39,36.55,2.19,2.49,0.21,0
9209,1628.55,35.77,2.29,2.49,0.2,0
9210,1628.7,33.83,2.35,2.48,0.2,0
9211,1628.85,32.71,2.26,2.46,0.19,0
9212,1629.0,33.9,2.21,2.45,0.19,0
9213,1629.16,34.870000000000005,2.27,2.45,0.2,0
9214,1629.31,36.91,2.3,2.46,0.21,0
9215,1629.46,36.73,2.25,2.47,0.22,0
9216,1629.61,38.26,2.25,2.47,0.22,0
9217,1629.77,40.62,2.26,2.49,0.23,0
9218,1629.92,42.67,2.19,2.5,0.23,0
9219,1630.07,44.76,2.18,2.5,0.22,0
9220,1630.22,46.02,2.23,2.5,0.22,0
9221,1630.38,45.01,2.26,2.51,0.22,0
9222,1630.53,43.09,2.37,2.49,0.22,0
9223,1630.68,39.06,2.43,2.5,0.21,0
9224,1630.83,36.66,2.55,2.5,0.21,0
9225,1630.98,36.1,2.53,2.54,0.2,0
9226,1631.14,36.73,2.41,2.54,0.21,0
9227,1631.29,39.52,2.34,2.55,0.22,0
9228,1631.44,41.66,2.14,2.53,0.22,0
9229,1631.59,44.27,2.05,2.53,0.22,0
9230,1631.75,45.97,2.08,2.52,0.22,0
9231,1631.9,45.24,2.15,2.53,0.22,0
9232,1632.05,45.47,2.2,2.52,0.22,0
9233,1632.2,46.5,2.34,2.5,0.23,0
9234,1632.36,46.22,2.35,2.49,0.23,0
9235,1632.51,44.91,2.21,2.5,0.23,0
9236,1632.66,43.6,2.13,2.53,0.23,0
9237,1632.81,44.95,2.0,2.52,0.24,0
9238,1632.97,46.19,1.91,2.52,0.24,0
9239,1633.12,48.13,1.69,2.52,0.24,2
9240,1633.27,50.12,1.7,2.52,0.24,2
9241,1633.42,48.93,1.83,2.53,0.24,0
9242,1633.58,45.63,1.97,2.52,0.24,0
9243,1633.73,42.63,1.93,2.52,0.23,0
9244,1633.88,44.23,1.92,2.52,0.23,0
9245,1634.03,46.56,1.94,2.52,0.23,0
9246,1634.19,49.12,1.9,2.53,0.23,0
9247,1634.34,47.93,1.94,2.54,0.24,0
9248,1634.49,44.86,2.02,2.53,0.24,0
9249,1634.64,40.66,2.13,2.52,0.24,0
9250,1634.79,38.38,2.24,2.52,0.23,0
9251,1634.95,37.53,2.25,2.54,0.23,0
9252,1635.1,39.23,2.19,2.55,0.23,0
9253,1635.25,41.05,2.24,2.55,0.23,0
9254,1635.4,42.19,2.25,2.54,0.22,0
9255,1635.56,40.95,2.28,2.53,0.22,0
9256,1635.71,42.6,2.41,2.52,0.21,0
9257,1635.86,42.94,2.37,2.52,0.21,0
9258,1636.01,44.47,2.35,2.52,0.21,0
9259,1636.17,44.81,2.27,2.52,0.21,0
9260,1636.32,47.81,1.98,2.51,0.22,0
9261,1636.47,50.58,1.99,2.5,0.22,0
9262,1636.62,51.02,1.95,2.5,0.22,0
9263,1636.78,51.31,1.93,2.51,0.23,0
9264,1636.93,51.36,1.87,2.51,0.24,0
9265,1637.08,50.12,1.8,2.51,0.25,2
9266,1637.23,49.56,1.81,2.5,0.24,2
9267,1637.39,49.17,1.85,2.51,0.25,0
9268,1637.54,51.26,1.85,2.5,0.26,2
9269,1637.69,52.45,1.89,2.5,0.25,2
9270,1637.84,51.31,1.96,2.5,0.25,0
9271,1638.0,51.19,1.96,2.51,0.24,0
9272,1638.15,51.3,1.89,2.51,0.23,0
9273,1638.3,51.93,1.92,2.51,0.23,0
9274,1638.45,49.9,1.88,2.52,0.24,0
9275,1638.6,47.59,1.89,2.52,0.25,0
9276,1638.76,48.61,1.91,2.51,0.25,0
9277,1638.91,48.66,1.94,2.51,0.24,0
9278,1639.06,47.18,2.08,2.51,0.24,0
9279,1639.21,40.64,2.2,2.51,0.24,0
9280,1639.37,37.7,2.18,2.51,0.24,0
9281,1639.52,38.89,2.1,2.52,0.23,0
9282,1639.67,41.63,2.09,2.53,0.23,0
9283,1639.82,42.58,2.08,2.53,0.24,0
9284,1639.98,42.02,2.08,2.52,0.24,0
9285,1640.13,42.58,2.06,2.52,0.24,0
9286,1640.28,42.87,2.03,2.51,0.23,0
9287,1640.43,41.9,2.01,2.51,0.22,0
9288,1640.59,41.15,1.92,2.51,0.22,0
9289,1640.74,41.83,1.88,2.51,0.24,0
9290,1640.89,44.9,1.85,2.5,0.25,0
9291,1641.04,47.18,1.86,2.5,0.25,0
9292,1641.2,45.82,1.91,2.5,0.26,0
9293,1641.35,42.34,1.95,2.5,0.25,0
9294,1641.5,38.77,1.94,2.51,0.24,0
9295,1641.65,40.13,1.92,2.5,0.24,0
9296,1641.81,40.88,1.89,2.51,0.24,0
9297,1641.96,42.36,1.86,2.51,0.25,0
9298,1642.11,39.86,1.87,2.52,0.24,0
9299,1642.26,40.15,1.96,2.53,0.24,0
9300,1642.41,40.25,1.99,2.52,0.23,0
9301,1642.57,42.92,1.98,2.53,0.23,0
9302,1642.72,42.46,1.99,2.51,0.24,0
9303,1642.87,42.92,1.97,2.51,0.23,0
9304,1643.02,41.78,2.0,2.5,0.23,0
9305,1643.18,41.27,2.08,2.48,0.22,0
9306,1643.33,40.08,2.07,2.48,0.22,0
9307,1643.48,40.2,2.12,2.49,0.22,0
9308,1643.63,40.83,2.05,2.53,0.22,0
9309,1643.79,41.68,2.05,2.52,0.23,0
9310,1643.94,41.27,2.04,2.52,0.24,0
9311,1644.09,43.19,1.96,2.5,0.24,0
9312,1644.24,44.61,1.94,2.5,0.23,0
9313,1644.4,45.19,1.86,2.49,0.25,0
9314,1644.55,42.75,1.8,2.48,0.26,2
9315,1644.7,41.29,1.91,2.48,0.25,0
9316,1644.85,39.41,2.01,2.5,0.23,0
9317,1645.01,38.16,1.97,2.51,0.23,0
9318,1645.16,37.75,1.85,2.51,0.24,0
9319,1645.31,39.23,1.83,2.5,0.24,0
9320,1645.46,40.64,1.9,2.5,0.25,0
9321,1645.62,39.5,2.05,2.51,0.24,0
9322,1645.77,38.7,2.02,2.52,0.23,0
9323,1645.92,36.61,2.11,2.52,0.22,0
9324,1646.07,34.89999999999999,2.27,2.53,0.22,0
9325,1646.22,33.88000000000001,2.21,2.54,0.21,0
9326,1646.38,35.58,2.25,2.53,0.21,0
9327,1646.53,37.29,2.22,2.52,0.21,0
9328,1646.68,37.8,2.27,2.52,0.21,0
9329,1646.83,36.04,2.37,2.53,0.21,0
9330,1646.99,35.09,2.41,2.52,0.21,0
9331,1647.14,35.81999999999999,2.39,2.5,0.21,0
9332,1647.29,36.62,2.34,2.49,0.21,0
9333,1647.44,36.28,2.41,2.51,0.21,0
9334,1647.6,34.65,2.31,2.52,0.21,0
9335,1647.75,34.36,2.28,2.54,0.21,0
9336,1647.9,35.72,2.17,2.52,0.22,0
9337,1648.05,38.09,2.16,2.51,0.22,0
9338,1648.21,39.79,2.24,2.51,0.22,0
9339,1648.36,40.81,2.26,2.53,0.22,0
9340,1648.51,40.15,2.32,2.52,0.22,0
9341,1648.66,39.35,2.34,2.5,0.21,0
9342,1648.82,35.81999999999999,2.33,2.48,0.21,0
9343,1648.97,32.64,2.4,2.49,0.2,0
9344,1649.12,29.810000000000002,2.43,2.48,0.21,0
9345,1649.27,30.89,2.41,2.49,0.21,0
9346,1649.43,30.77,2.38,2.49,0.21,0
9347,1649.58,30.02,2.35,2.49,0.21,0
9348,1649.73,28.61,2.37,2.49,0.2,0
9349,1649.88,29.18,2.41,2.5,0.2,0
9350,1650.03,31.179999999999996,2.33,2.53,0.2,0
9351,1650.19,33.51,2.36,2.54,0.2,0
9352,1650.34,35.43,2.41,2.53,0.21,0
9353,1650.49,35.31,2.44,2.52,0.21,0
9354,1650.64,33.39,2.47,2.51,0.21,0
9355,1650.8,30.38,2.47,2.53,0.21,0
9356,1650.95,28.16,2.51,2.53,0.2,0
9357,1651.1,28.380000000000003,2.58,2.54,0.2,0
9358,1651.25,30.72,2.59,2.53,0.19,0
9359,1651.41,31.620000000000005,2.59,2.52,0.19,0
9360,1651.56,32.18,2.61,2.5,0.19,0
9361,1651.71,30.02,2.6,2.5,0.19,0
9362,1651.86,31.57,2.53,2.5,0.2,0
9363,1652.02,33.0,2.42,2.52,0.2,0
9364,1652.17,35.11,2.42,2.53,0.2,0
9365,1652.32,34.48,2.49,2.54,0.21,0
9366,1652.47,33.56,2.5,2.54,0.21,0
9367,1652.63,33.56,2.34,2.53,0.22,0
9368,1652.78,34.12,2.24,2.51,0.23,0
9369,1652.93,34.19,2.42,2.51,0.25,0
9370,1653.08,34.239999999999995,2.03,2.52,0.26,0
9371,1653.24,36.5,1.87,2.51,0.26,0
9372,1653.39,39.79,1.8,2.52,0.26,0
9373,1653.54,41.78,1.91,2.53,0.25,0
9374,1653.69,42.82,1.93,2.52,0.25,0
9375,1653.84,42.43,1.91,2.51,0.25,0
9376,1654.0,43.16,1.92,2.5,0.26,0
9377,1654.15,44.01,1.91,2.51,0.25,0
9378,1654.3,45.53,1.91,2.52,0.26,0
9379,1654.45,47.62,2.01,2.53,0.26,0
9380,1654.61,45.58,2.11,2.55,0.25,0
9381,1654.76,41.95,2.27,2.53,0.24,0
9382,1654.91,38.21,2.27,2.53,0.22,0
9383,1655.06,36.44,2.33,2.51,0.22,0
9384,1655.22,34.89999999999999,2.52,2.51,0.22,0
9385,1655.37,34.51,2.47,2.5,0.22,0
9386,1655.52,35.81999999999999,2.32,2.5,0.23,0
9387,1655.67,37.3,2.33,2.51,0.23,0
9388,1655.83,37.3,2.34,2.5,0.23,0
9389,1655.98,37.53,2.34,2.51,0.23,0
9390,1656.13,39.69,2.39,2.51,0.23,0
9391,1656.28,39.69,2.46,2.52,0.23,0
9392,1656.44,37.88,2.45,2.52,0.22,0
9393,1656.59,33.8,2.5,2.53,0.22,0
9394,1656.74,31.58,2.52,2.52,0.22,0
9395,1656.89,30.78,2.49,2.53,0.22,0
9396,1657.05,31.860000000000003,2.42,2.52,0.22,0
9397,1657.2,33.73,2.52,2.53,0.22,0
9398,1657.35,34.92,2.57,2.51,0.21,0
9399,1657.5,32.25,2.65,2.51,0.21,0
9400,1657.65,29.92,2.71,2.51,0.22,0
9401,1657.81,26.73,2.62,2.49,0.22,0
9402,1657.96,26.46,2.61,2.49,0.21,0
9403,1658.11,26.29,2.67,2.49,0.21,0
9404,1658.26,25.56,2.65,2.51,0.22,0
9405,1658.42,25.95,2.51,2.52,0.22,0
9406,1658.57,27.040000000000003,2.46,2.52,0.22,0
9407,1658.72,28.79,2.46,2.51,0.22,0
9408,1658.87,29.92,2.42,2.52,0.22,0
9409,1659.03,31.28,2.33,2.52,0.23,0
9410,1659.18,33.05,2.33,2.52,0.23,0
9411,1659.33,34.14,2.38,2.51,0.24,0
9412,1659.48,32.54,2.39,2.51,0.23,0
9413,1659.64,32.64,2.34,2.53,0.22,0
9414,1659.79,33.03,2.15,2.52,0.23,0
9415,1659.94,34.78,2.17,2.51,0.22,0
9416,1660.09,33.59,2.25,2.5,0.23,0
9417,1660.25,34.0,2.31,2.52,0.24,0
9418,1660.4,34.51,2.09,2.51,0.25,0
9419,1660.55,37.87,2.0,2.5,0.25,0
9420,1660.7,41.03,1.9,2.48,0.26,0
9421,1660.86,44.44,1.8,2.46,0.28,2
9422,1661.01,46.43,1.84,2.47,0.27,2
9423,1661.16,46.38,1.89,2.49,0.25,0
9424,1661.31,41.9,2.11,2.51,0.25,0
9425,1661.46,37.47,2.05,2.51,0.26,0
9426,1661.62,33.95,2.02,2.51,0.27,0
9427,1661.77,35.77,1.96,2.51,0.25,0
9428,1661.92,39.69,1.91,2.51,0.26,0
9429,1662.07,43.21,1.89,2.49,0.25,0
9430,1662.23,44.62,1.91,2.49,0.25,0
9431,1662.38,43.87,1.95,2.51,0.24,0
9432,1662.53,41.66,2.17,2.51,0.23,0
9433,1662.68,37.47,2.44,2.5,0.22,0
9434,1662.84,33.22,2.44,2.5,0.21,0
9435,1662.99,31.91,2.43,2.51,0.22,0
9436,1663.14,31.45,2.52,2.52,0.22,0
9437,1663.29,31.91,2.53,2.52,0.22,0
9438,1663.45,31.47,2.48,2.52,0.22,0
9439,1663.6,33.39,2.41,2.52,0.23,0
9440,1663.75,34.870000000000005,2.35,2.51,0.23,0
9441,1663.9,35.43,2.31,2.51,0.22,0
9442,1664.06,34.36,2.43,2.51,0.22,0
9443,1664.21,31.64,2.49,2.52,0.21,0
9444,1664.36,29.810000000000002,2.58,2.53,0.21,0
9445,1664.51,30.21,2.64,2.55,0.21,0
9446,1664.67,31.55,2.63,2.53,0.22,0
9447,1664.82,31.96,2.63,2.52,0.23,0
9448,1664.97,29.92,2.59,2.48,0.24,0
9449,1665.12,27.55,2.57,2.47,0.23,0
9450,1665.27,26.919999999999998,2.54,2.48,0.22,0
9451,1665.43,27.94,2.6,2.49,0.22,0
9452,1665.58,29.64,2.63,2.49,0.2,0
9453,1665.73,29.810000000000002,2.68,2.49,0.2,0
9454,1665.88,28.67,2.76,2.49,0.2,0
9461,1666.95,32.64,2.9,2.48,0.22,0
9462,1667.1,30.94,2.71,2.5,0.22,0
9463,1667.26,29.29,2.67,2.5,0.22,0
9464,1667.41,27.82,2.58,2.5,0.21,0
9465,1667.56,27.38,2.48,2.5,0.21,0
9466,1667.71,27.33,2.49,2.49,0.21,0
9467,1667.87,29.59,2.46,2.51,0.21,0
9468,1668.02,31.64,2.47,2.5,0.21,0
9469,1668.17,32.93,2.45,2.52,0.21,0
9470,1668.32,34.07,2.52,2.49,0.21,0
9471,1668.48,33.27,2.51,2.47,0.21,0
9472,1668.63,31.059999999999995,2.4,2.45,0.21,0
9473,1668.78,25.999999999999996,2.41,2.46,0.21,0
9474,1668.93,24.810000000000002,2.54,2.47,0.21,0
9475,1669.08,25.730000000000004,2.53,2.48,0.21,0
9476,1669.24,28.33,2.53,2.48,0.21,0
9477,1669.39,28.62,2.52,2.49,0.2,0
9478,1669.54,28.84,2.59,2.51,0.2,0
9479,1669.69,29.24,2.71,2.51,0.2,0
9480,1669.85,29.29,2.91,2.51,0.2,0
9481,1670.0,29.24,2.89,2.51,0.2,0
9482,1670.15,29.47,2.81,2.51,0.21,0
9483,1670.3,30.15,2.74,2.51,0.21,0
9484,1670.46,31.860000000000003,2.71,2.51,0.2,0
9485,1670.61,31.35,2.71,2.51,0.2,0
9486,1670.76,30.44,2.71,2.5,0.2,0
9487,1670.91,29.810000000000002,2.72,2.49,0.2,0
9488,1671.07,31.81,2.77,2.5,0.2,0
9489,1671.22,33.05,2.78,2.49,0.2,0
9490,1671.37,34.58,2.66,2.51,0.21,0
9491,1671.52,36.9,2.72,2.52,0.22,0
9492,1671.68,38.89,2.68,2.54,0.23,0
9493,1671.83,40.32,2.62,2.53,0.22,0
9494,1671.98,40.44,2.64,2.51,0.22,0
9495,1672.13,38.67,2.77,2.5,0.22,0
9496,1672.29,35.19,2.87,2.5,0.22,0
9497,1672.44,33.31999999999999,2.88,2.5,0.21,0
9498,1672.59,34.85,2.63,2.52,0.21,0
9499,1672.74,37.7,2.59,2.52,0.22,0
9500,1672.89,38.84,2.59,2.54,0.22,0
9501,1673.05,37.37,2.71,2.53,0.23,0
9502,1673.2,35.6,2.73,2.54,0.22,0
9503,1673.35,33.27,2.83,2.52,0.21,0
9504,1673.5,34.12,2.92,2.52,0.22,0
9505,1673.66,36.11,2.76,2.49,0.22,0
9506,1673.81,37.64,2.76,2.5,0.22,0
9507,1673.96,37.24,2.81,2.5,0.21,0
9508,1674.11,35.14,2.92,2.51,0.21,0
9515,1675.18,36.16,2.71,2.47,0.23,0
9516,1675.33,40.81,2.15,2.49,0.25,0
9517,1675.49,42.96,1.99,2.48,0.25,0
9518,1675.64,44.04,1.86,2.47,0.26,2
9519,1675.79,42.68,1.78,2.46,0.25,2
9520,1675.94,42.85,1.73,2.46,0.25,2
9521,1676.1,42.8,1.74,2.48,0.24,2
9522,1676.25,44.5,1.92,2.47,0.24,0
9523,1676.4,42.46,2.02,2.47,0.23,0
9524,1676.55,40.47,1.99,2.46,0.23,0
9525,1676.7,37.64,2.21,2.48,0.23,0
9526,1676.86,37.54,2.17,2.48,0.23,0
9527,1677.01,36.13,2.13,2.47,0.23,0
9528,1677.16,34.75,2.23,2.46,0.23,0
9529,1677.31,36.55,2.17,2.47,0.23,0
9530,1677.47,40.4,2.02,2.47,0.22,0
9531,1677.62,45.0,2.25,2.48,0.22,0
9532,1677.77,42.96,2.46,2.46,0.22,0
9533,1677.92,36.95,2.97,2.44,0.21,0
9534,1678.08,30.21,2.97,2.46,0.21,0
9535,1678.23,29.47,2.98,2.49,0.2,0
9537,1678.53,36.21,2.97,2.48,0.2,0
9538,1678.69,37.12,2.8,2.48,0.2,0
9539,1678.84,35.07,2.52,2.52,0.2,0
9540,1678.99,32.52,2.48,2.51,0.2,0
9541,1679.14,30.14,2.37,2.52,0.2,0
9542,1679.3,30.04,2.33,2.49,0.2,0
9543,1679.45,30.15,2.09,2.49,0.21,0
9544,1679.6,34.14,1.83,2.48,0.23,0
9545,1679.75,39.47,1.71,2.48,0.26,2
9546,1679.91,42.8,1.76,2.47,0.26,2
9547,1680.06,40.64,1.98,2.48,0.25,0
9548,1680.21,38.31,1.97,2.5,0.23,0
9549,1680.36,38.72,1.94,2.53,0.23,0
9550,1680.51,39.45,2.04,2.52,0.22,0
9551,1680.67,34.63,2.07,2.51,0.21,0
9552,1680.82,27.070000000000004,2.07,2.47,0.2,0
9553,1680.97,20.67,2.1,2.45,0.19,0
9554,1681.12,19.14,2.17,2.47,0.19,0
9555,1681.28,21.590000000000003,2.24,2.49,0.16,0
9556,1681.43,25.32,2.32,2.51,0.18,0
9557,1681.58,27.24,2.32,2.49,0.2,0
9558,1681.73,28.09,2.28,2.49,0.21,0
9559,1681.89,30.669999999999998,2.21,2.51,0.21,0
9560,1682.04,33.68,2.21,2.51,0.22,0
9561,1682.19,34.19,2.34,2.52,0.22,0
9562,1682.34,31.979999999999997,2.3,2.52,0.22,0
9563,1682.5,32.44,2.26,2.52,0.21,0
9564,1682.65,31.41,2.38,2.49,0.2,0
9565,1682.8,31.64,2.49,2.49,0.19,0
9566,1682.95,30.550000000000004,2.45,2.48,0.19,0
9567,1683.11,32.35,2.19,2.48,0.2,0
9568,1683.26,32.57,2.22,2.5,0.2,0
9569,1683.41,33.31999999999999,2.35,2.54,0.2,0
9570,1683.56,34.75,2.13,2.55,0.21,0
9571,1683.72,38.61,1.94,2.53,0.23,0
9572,1683.87,42.92,1.83,2.5,0.23,0
9573,1684.02,47.35,1.85,2.51,0.23,0
9574,1684.17,45.13,2.02,2.51,0.23,0
9575,1684.32,42.12,2.17,2.5,0.22,0
9576,1684.48,38.38,2.18,2.5,0.22,0
9577,1684.63,39.74,2.18,2.5,0.21,0
9578,1684.78,40.08,2.18,2.51,0.23,0
9579,1684.93,40.88,2.21,2.5,0.24,0
9580,1685.09,39.01,2.22,2.51,0.24,0
9581,1685.24,38.22,2.14,2.5,0.23,0
9582,1685.39,36.96,2.18,2.52,0.22,0
9583,1685.54,37.18,2.27,2.54,0.22,0
9584,1685.7,36.78,2.33,2.57,0.21,0
9585,1685.85,35.19,2.36,2.55,0.21,0
9586,1686.0,33.66,2.35,2.53,0.21,0
9587,1686.15,31.96,2.38,2.49,0.21,0
9588,1686.31,31.67,2.48,2.5,0.22,0
9589,1686.46,31.74,2.49,2.5,0.22,0
9590,1686.61,33.51,2.38,2.51,0.22,0
9591,1686.76,35.94,2.35,2.5,0.21,0
9592,1686.92,39.4,2.28,2.49,0.21,0
9593,1687.07,39.67,2.35,2.49,0.21,0
9594,1687.22,37.75,2.41,2.49,0.21,0
9595,1687.37,34.46,2.46,2.51,0.22,0
9596,1687.53,33.9,2.29,2.52,0.23,0
9597,1687.68,35.94,2.04,2.53,0.24,0
9598,1687.83,41.15,1.92,2.5,0.26,0
9599,1687.98,44.33,2.05,2.49,0.26,0
9600,1688.13,43.65,2.12,2.5,0.27,0
9601,1688.29,42.8,1.88,2.53,0.27,0
9602,1688.44,43.87,1.78,2.53,0.27,0
9603,1688.59,46.89,1.84,2.53,0.27,0
9604,1688.74,47.13,2.0,2.52,0.25,0
9605,1688.9,45.13,2.0,2.52,0.25,0
9606,1689.05,42.97,1.86,2.51,0.26,0
9607,1689.2,41.03,1.87,2.52,0.27,0
9608,1689.35,40.52,2.05,2.52,0.27,0
9609,1689.51,41.54,2.16,2.54,0.26,0
9610,1689.66,41.49,2.28,2.55,0.25,0
9611,1689.81,41.15,2.17,2.56,0.24,0
9612,1689.96,39.45,2.09,2.55,0.24,0
9613,1690.12,41.2,1.78,2.52,0.25,0
9614,1690.27,43.98,1.8,2.5,0.27,2
9615,1690.42,46.14,1.95,2.5,0.27,0
9616,1690.57,45.19,2.21,2.51,0.26,0
9617,1690.73,41.97,2.37,2.52,0.24,0
9618,1690.88,40.66,2.15,2.51,0.24,0
9619,1691.03,39.3,2.13,2.52,0.24,0
9620,1691.18,39.4,2.39,2.51,0.24,0
9621,1691.34,37.13,2.5,2.52,0.22,0
9622,1691.49,37.58,2.48,2.52,0.22,0
9623,1691.64,37.58,2.42,2.51,0.23,0
9624,1691.79,37.58,2.5,2.5,0.24,0
9625,1691.94,36.67,2.39,2.51,0.23,0
9626,1692.1,35.48,2.23,2.52,0.21,0
9627,1692.25,36.67,2.21,2.52,0.22,0
9628,1692.4,37.53,2.52,2.51,0.24,0
9629,1692.55,37.87,2.57,2.5,0.24,0
9630,1692.71,39.06,2.56,2.5,0.23,0
9631,1692.86,41.44,2.18,2.49,0.22,0
9632,1693.01,45.25,2.03,2.49,0.22,0
9633,1693.16,50.48,1.71,2.47,0.24,2
9634,1693.32,54.56,1.48,2.46,0.26,2
9635,1693.47,54.79,1.4,2.46,0.28,2
9636,1693.62,50.63,1.38,2.49,0.28,2
9637,1693.77,47.57,1.51,2.5,0.28,2
9638,1693.93,45.41,1.68,2.51,0.29,2
9639,1694.08,44.84,1.76,2.49,0.31,2
9640,1694.23,41.95,1.78,2.5,0.31,2
9641,1694.38,41.85,1.74,2.52,0.29,2
9642,1694.54,44.06,1.61,2.52,0.28,2
9643,1694.69,47.69,1.55,2.5,0.28,2
9644,1694.84,50.07,1.59,2.49,0.3,2
9645,1694.99,48.81,1.73,2.47,0.29,2
9646,1695.15,45.92,1.76,2.48,0.28,2
9647,1695.3,43.76,1.67,2.49,0.29,2
9648,1695.45,43.41,1.45,2.5,0.3,2
9649,1695.6,45.92,1.36,2.48,0.3,2
9650,1695.75,49.32,1.4,2.46,0.29,2
9651,1695.91,53.02,1.54,2.46,0.28,2
9652,1696.06,53.02,1.66,2.47,0.31,2
9653,1696.21,49.22,1.62,2.48,0.32,2
9654,1696.36,45.59,1.54,2.48,0.33,2
9655,1696.52,45.08,1.42,2.49,0.3,2
9656,1696.67,50.19,1.33,2.45,0.29,2
9657,1696.82,52.91,1.37,2.43,0.28,2
9658,1696.97,53.36,1.53,2.42,0.29,2
9659,1697.13,50.46,1.58,2.45,0.31,2
9660,1697.28,48.52,1.67,2.48,0.3,2
9661,1697.43,48.47,1.49,2.51,0.32,2
9662,1697.58,50.45,1.37,2.51,0.31,2
9663,1697.74,53.41,1.32,2.5,0.32,1
9664,1697.89,55.57,1.33,2.49,0.31,2
9665,1698.04,55.01,1.4,2.49,0.31,2
9666,1698.19,53.36,1.49,2.48,0.32,2
9667,1698.35,50.68,1.46,2.48,0.32,2
9668,1698.5,50.05,1.4,2.48,0.32,2
9669,1698.65,48.93,1.39,2.48,0.3,2
9670,1698.8,49.39,1.47,2.48,0.31,2
9671,1698.96,49.17,1.62,2.49,0.32,2
9672,1699.11,48.71,1.66,2.48,0.34,2
9673,1699.26,47.96,1.62,2.49,0.33,2
9674,1699.41,48.4,1.41,2.49,0.31,2
9675,1699.56,51.98,1.3,2.48,0.3,2
9676,1699.72,54.82,1.32,2.46,0.28,2
9677,1699.87,54.48,1.41,2.46,0.29,2
9678,1700.02,52.37,1.37,2.46,0.3,2
9679,1700.17,51.86,1.34,2.45,0.31,2
9680,1700.33,51.86,1.34,2.46,0.29,2
9681,1700.48,51.07,1.33,2.45,0.28,2
9682,1700.63,50.9,1.24,2.47,0.29,2
9683,1700.78,52.9,1.21,2.46,0.32,1
9684,1700.94,54.65,1.19,2.46,0.33,1
9685,1701.09,55.84,1.2,2.45,0.35,1
9686,1701.24,56.86,1.24,2.45,0.36,1
9687,1701.39,56.47,1.29,2.47,0.37,1
9688,1701.55,54.72,1.36,2.48,0.36,1
9689,1701.7,53.13,1.41,2.49,0.33,1
9690,1701.85,54.45,1.35,2.48,0.33,1
9691,1702.0,57.0,1.34,2.46,0.31,1
9692,1702.16,57.46,1.34,2.45,0.31,1
9693,1702.31,55.98,1.33,2.45,0.32,1
9694,1702.46,53.59,1.35,2.47,0.33,1
9695,1702.61,53.36,1.42,2.49,0.32,1
9696,1702.77,55.01,1.49,2.5,0.33,1
9697,1702.92,55.64,1.47,2.5,0.33,1
9698,1703.07,54.45,1.33,2.49,0.33,1
9699,1703.22,52.23,1.27,2.48,0.33,1
9700,1703.37,51.82,1.3,2.48,0.34,1
9701,1703.53,52.79,1.28,2.47,0.35,1
9702,1703.68,56.25,1.19,2.48,0.37,1
9703,1703.83,55.18,1.2,2.48,0.35,1
9704,1703.98,56.42,1.27,2.47,0.34,1
9705,1704.14,54.16,1.24,2.45,0.34,1
9706,1704.29,55.35,1.21,2.44,0.33,1
9707,1704.44,54.16,1.18,2.44,0.34,1
9708,1704.59,52.05,1.21,2.45,0.33,1
9709,1704.75,51.59,1.28,2.45,0.33,1
9710,1704.9,51.48,1.35,2.45,0.34,1
9711,1705.05,52.67,1.37,2.44,0.36,1
9712,1705.2,49.32,1.32,2.45,0.35,1
9713,1705.36,48.35,1.35,2.46,0.33,1
9714,1705.51,48.69,1.34,2.47,0.32,2
9715,1705.66,52.5,1.33,2.47,0.31,2
9716,1705.81,52.85,1.38,2.48,0.27,2
9717,1705.97,51.31,1.37,2.49,0.33,1
9718,1706.12,48.59,1.37,2.52,0.34,1
9719,1706.27,47.11,1.41,2.52,0.36,1
9720,1706.42,46.84,1.39,2.51,0.35,1
9721,1706.58,47.52,1.38,2.48,0.33,1
9722,1706.73,47.01,1.44,2.46,0.31,2
9723,1706.88,47.69,1.55,2.47,0.31,2
9724,1707.03,46.89,1.54,2.47,0.31,2
9725,1707.18,47.18,1.56,2.5,0.32,2
9726,1707.34,45.47,1.55,2.5,0.31,2
9727,1707.49,46.27,1.51,2.5,0.31,2
9728,1707.64,45.93,1.4,2.48,0.29,2
9729,1707.79,48.49,1.35,2.49,0.3,2
9730,1707.95,51.26,1.33,2.5,0.29,2
9731,1708.1,52.11,1.32,2.5,0.31,2
9732,1708.25,51.93,1.31,2.49,0.31,2
9733,1708.4,52.05,1.29,2.47,0.32,1
9734,1708.56,54.53,1.28,2.46,0.32,1
9735,1708.71,55.62,1.31,2.46,0.33,1
9736,1708.86,53.8,1.35,2.46,0.34,1
9737,1709.01,51.82,1.3,2.47,0.35,1
9738,1709.17,50.12,1.26,2.47,0.33,1
9739,1709.32,51.38,1.26,2.49,0.34,1
9740,1709.47,53.13,1.31,2.49,0.34,1
9741,1709.62,54.26,1.35,2.48,0.34,1
9742,1709.78,52.2,1.45,2.47,0.32,2
9743,1709.93,49.59,1.46,2.47,0.32,2
9744,1710.08,45.87,1.48,2.48,0.32,2
9745,1710.23,44.23,1.56,2.47,0.32,2
9746,1710.39,44.91,1.64,2.48,0.32,2
9747,1710.54,47.69,1.38,2.49,0.33,1
9748,1710.69,50.24,1.6,2.5,0.33,2
9749,1710.84,50.63,1.64,2.49,0.32,2
9750,1710.99,50.63,1.64,2.49,0.3,2
9751,1711.15,48.52,1.68,2.48,0.31,2
9752,1711.3,45.68,1.76,2.49,0.31,2
9753,1711.45,43.41,1.71,2.51,0.32,2
9754,1711.6,43.41,1.65,2.52,0.31,2
9755,1711.76,44.67,1.61,2.51,0.31,2
9756,1711.91,46.65,1.58,2.49,0.3,2
9757,1712.06,50.9,1.56,2.48,0.32,2
9758,1712.21,54.14,1.46,2.48,0.32,1
9759,1712.37,57.2,1.39,2.49,0.32,1
9760,1712.52,56.98,1.35,2.49,0.3,2
9761,1712.67,55.62,1.62,2.47,0.32,2
9762,1712.82,53.65,1.93,2.47,0.34,2
9763,1712.98,51.84,2.11,2.46,0.34,2
9764,1713.13,52.11,2.04,2.49,0.31,2
9765,1713.28,52.67,1.81,2.48,0.3,2
9766,1713.43,52.85,1.62,2.49,0.3,2
9767,1713.59,50.7,1.59,2.48,0.31,2
9768,1713.74,48.49,1.56,2.49,0.32,2
9769,1713.89,47.28,1.54,2.5,0.31,2
9770,1714.04,48.57,1.54,2.49,0.33,2
9771,1714.2,49.59,1.52,2.48,0.32,2
9772,1714.35,50.22,1.52,2.48,0.32,2
9773,1714.5,49.32,1.52,2.48,0.31,2
9774,1714.65,49.71,1.45,2.47,0.31,2
9775,1714.8,50.68,1.41,2.46,0.32,1
9776,1714.96,53.02,1.35,2.46,0.33,1
9777,1715.11,54.72,1.37,2.47,0.33,1
9778,1715.26,53.02,1.44,2.47,0.34,1
9779,1715.41,51.48,1.46,2.48,0.34,1
9780,1715.57,48.47,1.48,2.48,0.32,2
9781,1715.72,46.14,1.46,2.48,0.3,2
9782,1715.87,43.3,1.38,2.49,0.28,2
9783,1716.02,44.27,1.38,2.47,0.28,2
9784,1716.18,47.62,1.41,2.47,0.3,2
9785,1716.33,49.83,1.38,2.44,0.32,1
9786,1716.48,50.41,1.32,2.46,0.34,1
9787,1716.63,51.19,1.33,2.46,0.33,1
9788,1716.79,53.97,1.3,2.47,0.32,1
9789,1716.94,54.87,1.29,2.47,0.32,1
9790,1717.09,54.14,1.29,2.47,0.32,1
9791,1717.24,52.44,1.3,2.48,0.34,1
9792,1717.4,50.9,1.28,2.48,0.34,1
9793,1717.55,51.82,1.27,2.53,0.36,1
9794,1717.7,54.62,1.23,2.51,0.35,1
9795,1717.85,56.71,1.32,2.49,0.34,1
9796,1718.01,54.72,1.37,2.45,0.32,1
9797,1718.16,53.19,1.33,2.45,0.3,2
9798,1718.31,54.77,1.3,2.45,0.31,1
9799,1718.46,57.32,1.35,2.47,0.32,1
9800,1718.61,56.76,1.4,2.48,0.31,2
9801,1718.77,54.5,1.49,2.47,0.32,1
9802,1718.92,53.19,1.56,2.48,0.32,2
9803,1719.07,52.39,1.57,2.47,0.33,1
9804,1719.22,51.76,1.46,2.48,0.33,1
9805,1719.38,52.1,1.39,2.47,0.33,1
9806,1719.53,51.42,1.46,2.47,0.32,2
9807,1719.68,49.78,1.5,2.48,0.31,2
9808,1719.83,50.07,1.39,2.48,0.32,2
9809,1719.99,53.13,1.23,2.48,0.33,1
9810,1720.14,55.81,1.2,2.47,0.34,1
9811,1720.29,55.13,1.19,2.46,0.34,1
9812,1720.44,54.05,1.23,2.45,0.33,1
9813,1720.6,54.79,1.25,2.46,0.34,1
9814,1720.75,56.2,1.2,2.48,0.34,1
9815,1720.9,54.77,1.31,2.49,0.35,1
9816,1721.05,51.25,1.39,2.48,0.35,1
9817,1721.21,49.88,1.47,2.48,0.34,1
9818,1721.36,51.25,1.51,2.49,0.32,2
9819,1721.51,51.07,1.68,2.48,0.31,2
9820,1721.66,48.08,1.79,2.48,0.31,2
9821,1721.82,44.45,1.76,2.48,0.3,2
9822,1721.97,44.4,1.71,2.5,0.29,2
9823,1722.12,45.53,1.77,2.51,0.28,2
9824,1722.27,46.55,1.78,2.52,0.28,2
9825,1722.42,45.64,1.73,2.5,0.27,2
9826,1722.58,45.47,1.69,2.49,0.29,2
9827,1722.73,45.08,1.67,2.47,0.29,2
9828,1722.88,45.01,1.7,2.48,0.29,2
9829,1723.03,44.5,1.8,2.5,0.27,2
9830,1723.19,42.73,1.83,2.52,0.26,0
9831,1723.34,44.44,1.75,2.52,0.26,0
9832,1723.49,45.7,1.67,2.52,0.26,2
9833,1723.64,47.81,1.69,2.5,0.26,2
9834,1723.8,44.52,1.94,2.5,0.27,0
9835,1723.95,41.12,2.08,2.5,0.28,0
9836,1724.1,39.58,1.93,2.53,0.29,0
9837,1724.25,42.48,1.81,2.52,0.28,0
9838,1724.41,45.76,1.8,2.51,0.28,2
9839,1724.56,47.11,1.89,2.51,0.26,0
9840,1724.71,43.31,2.02,2.53,0.26,0
9841,1724.86,39.23,2.13,2.52,0.26,0
9842,1725.02,37.88,2.06,2.51,0.27,0
9843,1725.17,39.76,2.01,2.51,0.26,0
9844,1725.32,41.34,1.92,2.49,0.25,0
9845,1725.47,42.02,1.82,2.49,0.26,0
9846,1725.63,44.11,1.68,2.49,0.27,2
9847,1725.78,46.44,1.61,2.5,0.28,2
9848,1725.93,46.96,1.64,2.49,0.27,2
9849,1726.08,46.16,1.91,2.5,0.28,2
9850,1726.23,43.09,2.02,2.5,0.29,0
9851,1726.39,39.35,2.19,2.51,0.28,0
9852,1726.54,35.38,2.31,2.52,0.26,0
9853,1726.69,34.82,2.39,2.52,0.24,0
9854,1726.84,34.7,2.46,2.52,0.23,0
9855,1727.0,33.85,2.45,2.53,0.24,0
9856,1727.15,35.02,2.3,2.54,0.24,0
9857,1727.3,36.9,2.26,2.54,0.24,0
9858,1727.45,39.21,2.27,2.53,0.25,0
9859,1727.61,36.84,2.26,2.52,0.25,0
9860,1727.76,36.67,2.25,2.51,0.25,0
9861,1727.91,37.13,2.26,2.51,0.24,0
9862,1728.06,37.18,2.28,2.51,0.24,0
9863,1728.22,35.31,2.25,2.53,0.24,0
9864,1728.37,34.19,2.24,2.54,0.25,0
9865,1728.52,35.38,2.22,2.55,0.24,0
9866,1728.67,35.6,2.18,2.52,0.24,0
9867,1728.83,33.56,2.22,2.51,0.25,0
9868,1728.98,32.03,2.33,2.48,0.24,0
9869,1729.13,30.95,2.32,2.49,0.24,0
9870,1729.28,30.44,2.32,2.5,0.23,0
9871,1729.44,28.84,2.34,2.51,0.23,0
9872,1729.59,28.55,2.35,2.52,0.22,0
9873,1729.74,30.77,2.31,2.52,0.23,0
9874,1729.89,34.97,2.28,2.51,0.25,0
9875,1730.04,38.67,2.2,2.5,0.25,0
9876,1730.2,39.45,2.26,2.48,0.26,0
9877,1730.35,37.75,2.37,2.49,0.26,0
9878,1730.5,38.19,2.97,2.47,0.25,0
9881,1730.96,32.71,2.74,2.54,0.21,0
9882,1731.11,34.41,2.34,2.5,0.21,0
9883,1731.26,35.94,1.95,2.52,0.22,0
9884,1731.42,40.78,1.73,2.51,0.23,0
9885,1731.57,43.21,1.59,2.49,0.25,2
9886,1731.72,44.91,1.6,2.47,0.25,2
9887,1731.87,42.19,1.64,2.47,0.24,2
9888,1732.03,40.03,1.76,2.5,0.23,0
9889,1732.18,39.45,1.79,2.51,0.24,0
9890,1732.33,40.57,1.83,2.51,0.24,0
9891,1732.48,39.21,1.88,2.5,0.23,0
9892,1732.64,38.14,1.87,2.49,0.22,0
9893,1732.79,38.99,1.74,2.49,0.21,0
9894,1732.94,39.74,1.79,2.49,0.22,0
9895,1733.09,41.83,1.9,2.49,0.22,0
9896,1733.25,41.44,1.89,2.49,0.23,0
9897,1733.4,42.68,1.75,2.5,0.22,0
9898,1733.55,43.53,1.76,2.52,0.23,0
9899,1733.7,44.39,1.84,2.53,0.23,0
9900,1733.85,44.5,2.06,2.53,0.22,0
9901,1734.01,39.98,2.28,2.53,0.2,0
9902,1734.16,33.85,2.32,2.51,0.19,0
9903,1734.31,28.28,2.26,2.49,0.19,0
9904,1734.46,27.579999999999995,2.25,2.47,0.19,0
9905,1734.62,28.09,2.27,2.48,0.2,0
9906,1734.77,30.26,2.28,2.5,0.2,0
9907,1734.92,32.66,2.25,2.52,0.21,0
9908,1735.07,36.35,2.07,2.52,0.21,0
9909,1735.23,39.01,2.17,2.52,0.22,0
9910,1735.38,40.08,2.19,2.53,0.23,0
9911,1735.53,42.73,1.94,2.55,0.23,0
9912,1735.68,46.38,1.84,2.54,0.23,0
9913,1735.84,48.98,1.98,2.53,0.24,0
9914,1735.99,49.49,1.97,2.52,0.23,0
9915,1736.14,50.85,1.9,2.53,0.23,0
9916,1736.29,52.44,1.9,2.53,0.22,0
9917,1736.45,50.85,1.93,2.52,0.23,0
9918,1736.6,48.3,1.94,2.53,0.24,0
9919,1736.75,46.04,1.9,2.53,0.24,0
9920,1736.9,46.6,1.85,2.53,0.24,0
9921,1737.06,47.04,1.88,2.5,0.24,0
9922,1737.21,45.24,1.95,2.5,0.24,0
9923,1737.36,43.53,2.02,2.51,0.2,0
9924,1737.51,42.24,1.93,2.52,0.21,0
9925,1737.66,45.07,1.87,2.51,0.25,0
9926,1737.82,47.28,1.79,2.51,0.28,2
9927,1737.97,49.88,1.79,2.52,0.27,2
9928,1738.12,51.36,1.84,2.52,0.25,0
9929,1738.27,50.85,1.96,2.52,0.24,0
9930,1738.43,49.05,2.12,2.52,0.24,0
9931,1738.58,47.11,2.13,2.52,0.23,0
9932,1738.73,47.62,2.12,2.52,0.23,0
9933,1738.88,48.96,2.11,2.53,0.23,0
9934,1739.04,49.25,1.99,2.53,0.22,0
9935,1739.19,46.94,2.1,2.52,0.22,0
9936,1739.34,43.53,2.13,2.5,0.21,0
9937,1739.49,40.98,2.13,2.5,0.21,0
9938,1739.65,41.3,2.12,2.52,0.22,0
9939,1739.8,42.79,2.15,2.52,0.24,0
9940,1739.95,44.61,2.12,2.52,0.25,0
9941,1740.1,45.41,2.07,2.5,0.26,0
9942,1740.26,44.44,2.02,2.51,0.26,0
9943,1740.41,41.88,1.97,2.53,0.25,0
9944,1740.56,41.93,1.95,2.55,0.26,0
9945,1740.71,43.24,1.89,2.54,0.27,0
9946,1740.87,47.21,1.91,2.54,0.27,0
9947,1741.02,48.69,1.95,2.54,0.28,0
9948,1741.17,50.12,1.8,2.54,0.29,2
9949,1741.32,52.11,1.69,2.54,0.29,2
9950,1741.47,54.96,1.62,2.52,0.28,2
9951,1741.63,57.78,1.69,2.5,0.27,2
9952,1741.78,57.9,1.7,2.5,0.25,2
9953,1741.93,56.66,1.67,2.51,0.24,2
9954,1742.08,53.83,1.71,2.51,0.23,2
9955,1742.24,52.06,2.02,2.52,0.23,0
9956,1742.39,50.36,2.06,2.51,0.24,0
9957,1742.54,49.44,2.05,2.52,0.24,0
9958,1742.69,49.83,1.92,2.52,0.23,0
9959,1742.85,52.1,1.83,2.52,0.21,0
9960,1743.0,53.24,1.94,2.51,0.2,0
9961,1743.15,51.14,2.18,2.51,0.19,0
9962,1743.3,48.25,2.25,2.5,0.2,0
9963,1743.46,44.5,2.35,2.51,0.2,0
9964,1743.61,41.49,2.45,2.49,0.2,0
9965,1743.76,38.43,2.43,2.49,0.21,0
9966,1743.91,34.89999999999999,2.37,2.5,0.21,0
9967,1744.07,32.59,2.36,2.51,0.22,0
9968,1744.22,31.620000000000005,2.34,2.53,0.23,0
9969,1744.37,34.12,2.17,2.53,0.23,0
9970,1744.52,36.28,2.14,2.54,0.22,0
9971,1744.68,37.71,2.12,2.53,0.21,0
9972,1744.83,40.27,2.15,2.53,0.2,0
9973,1744.98,41.17,2.29,2.54,0.2,0
9974,1745.13,39.62,2.31,2.54,0.21,0
9975,1745.28,36.04,2.27,2.52,0.22,0
9976,1745.44,32.13,2.3,2.51,0.22,0
9977,1745.59,29.810000000000002,2.33,2.5,0.22,0
9978,1745.74,27.82,2.18,2.51,0.22,0
9979,1745.89,27.14,2.05,2.51,0.22,0
9980,1746.05,28.33,1.9,2.51,0.22,0
9981,1746.2,31.059999999999995,2.06,2.5,0.22,0
9982,1746.35,33.05,2.11,2.49,0.21,0
9983,1746.5,35.31,2.1,2.48,0.21,0
9984,1746.66,36.5,2.09,2.48,0.22,0
9985,1746.81,38.43,2.05,2.5,0.24,0
9986,1746.96,37.13,1.88,2.53,0.23,0
9987,1747.11,38.22,1.74,2.55,0.22,0
9988,1747.27,42.48,1.71,2.56,0.22,0
9989,1747.42,46.44,1.97,2.56,0.23,0
9990,1747.57,47.52,2.14,2.58,0.23,0
9991,1747.72,43.82,2.07,2.56,0.23,0
9992,1747.88,42.17,1.92,2.54,0.23,0
9993,1748.03,40.4,1.88,2.54,0.23,0
9994,1748.18,41.59,1.94,2.55,0.24,0
9995,1748.33,43.3,1.98,2.57,0.24,0
9996,1748.49,44.33,2.09,2.57,0.23,0
9997,1748.64,43.65,2.15,2.55,0.22,0
9998,1748.79,42.46,2.15,2.54,0.21,0
9999,1748.94,39.96,2.21,2.54,0.22,0
10000,1749.09,37.7,2.2,2.54,0.25,0
10001,1749.25,35.94,1.9,2.54,0.25,0
10002,1749.4,37.87,1.79,2.53,0.25,0
10003,1749.55,43.59,1.72,2.54,0.23,0
10004,1749.7,47.84,1.78,2.54,0.22,0
10005,1749.86,50.12,1.93,2.56,0.21,0
10006,1750.01,43.33,2.34,2.57,0.2,0
10007,1750.16,36.81,2.33,2.57,0.21,0
10008,1750.31,32.370000000000005,2.2,2.56,0.21,0
10009,1750.47,37.18,2.08,2.55,0.21,0
10010,1750.62,41.49,2.15,2.53,0.21,0
10011,1750.77,41.73,2.23,2.48,0.22,0
10012,1750.92,37.41,2.17,2.46,0.24,0
10013,1751.08,32.64,2.11,2.41,0.29,0
10014,1751.23,35.58,1.86,2.4,0.35,2
10015,1751.38,50.39,1.12,2.39,0.34,1
10016,1751.53,72.06,1.0700000000000003,2.45,0.31,1
10017,1751.69,88.52,0.96,2.52,0.27,1
10018,1751.84,88.03,1.2,2.57,0.23,2
10019,1751.99,72.83,1.49,2.6,0.22,2
10020,1752.14,53.7,2.06,2.58,0.21,0
10021,1752.3,39.96,2.18,2.58,0.18,0
10022,1752.45,36.21,2.05,2.52,0.17,0
10023,1752.6,38.38,2.0,2.52,0.19,0
10024,1752.75,40.59,2.15,2.5,0.21,0
10025,1752.9,40.59,2.14,2.44,0.22,0
10026,1753.06,39.62,1.95,2.46,0.22,0
10027,1753.21,41.93,1.88,2.51,0.23,0
10028,1753.36,45.05,1.88,2.53,0.24,0
10029,1753.51,47.38,1.95,2.53,0.25,0
10030,1753.67,46.38,1.9,2.52,0.25,0
10031,1753.82,45.19,1.92,2.53,0.25,0
10032,1753.97,43.09,2.13,2.51,0.25,0
10033,1754.12,45.29,2.06,2.52,0.26,0
10034,1754.28,50.68,1.71,2.51,0.28,2
10035,1754.43,56.01,1.6,2.51,0.29,2
10036,1754.58,58.46,1.63,2.49,0.29,2
10037,1754.73,55.52,1.83,2.48,0.28,2
10038,1754.89,50.75,1.88,2.49,0.26,2
10039,1755.04,44.79,1.87,2.52,0.26,0
10040,1755.19,41.78,1.83,2.53,0.26,0
10041,1755.34,41.22,1.9,2.54,0.27,0
10042,1755.5,43.21,1.89,2.52,0.28,0
10043,1755.65,44.52,1.85,2.53,0.28,0
10044,1755.8,46.05,1.89,2.54,0.26,0
10045,1755.95,45.81,1.92,2.54,0.24,0
10046,1756.11,46.16,2.13,2.53,0.24,0
10047,1756.26,45.59,2.16,2.54,0.24,0
10048,1756.41,44.4,2.18,2.54,0.25,0
10049,1756.56,41.22,2.17,2.52,0.26,0
10050,1756.71,40.42,1.99,2.51,0.26,0
10051,1756.87,43.55,1.9,2.51,0.27,0
10052,1757.02,47.64,1.87,2.5,0.27,2
10053,1757.17,49.51,1.86,2.49,0.26,2
10054,1757.32,51.72,1.86,2.47,0.26,2
10055,1757.48,55.35,1.51,2.48,0.26,2
10056,1757.63,59.6,1.6,2.5,0.26,2
10057,1757.78,57.1,1.67,2.51,0.24,2
10058,1757.93,54.67,1.64,2.49,0.24,2
10059,1758.09,51.65,1.56,2.49,0.26,2
10060,1758.24,53.19,1.61,2.49,0.27,2
10061,1758.39,53.82,1.66,2.51,0.27,2
10062,1758.54,55.98,1.67,2.53,0.27,2
10063,1758.7,56.44,1.63,2.52,0.27,2
10064,1758.85,55.98,1.56,2.5,0.28,2
10065,1759.0,53.36,1.59,2.48,0.29,2
10066,1759.15,51.25,1.61,2.48,0.31,2
10067,1759.31,50.05,1.47,2.47,0.31,2
10068,1759.46,50.68,1.52,2.48,0.3,2
10069,1759.61,51.14,1.48,2.49,0.31,2
10070,1759.76,52.73,1.41,2.49,0.3,2
10071,1759.92,54.09,1.51,2.5,0.28,2
10072,1760.07,56.86,1.58,2.5,0.26,2
10073,1760.22,56.76,1.52,2.5,0.26,2
10074,1760.37,57.85,1.41,2.5,0.27,2
10075,1760.52,57.39,1.25,2.5,0.29,2
10076,1760.68,58.91,1.16,2.48,0.29,2
10077,1760.83,59.35,1.13,2.47,0.31,1
10078,1760.98,61.17,1.08,2.45,0.32,1
10079,1761.13,63.67,1.0700000000000003,2.45,0.34,1
10080,1761.29,68.68,1.0,2.45,0.33,1
10081,1761.44,72.25,0.97,2.45,0.34,1
10082,1761.59,72.88,1.01,2.45,0.34,1
10083,1761.74,69.58,1.0700000000000003,2.46,0.34,1
10084,1761.9,66.46,1.11,2.48,0.34,1
10085,1762.05,65.61,1.12,2.5,0.35,1
10086,1762.2,66.63,1.11,2.5,0.35,1
10087,1762.35,68.39,1.11,2.49,0.35,1
10088,1762.51,69.87,1.08,2.49,0.33,1
10089,1762.66,69.58,1.1,2.5,0.34,1
10090,1762.81,66.75,1.12,2.48,0.34,1
10091,1762.96,64.35,1.11,2.46,0.35,1
10092,1763.12,62.09,1.1,2.44,0.35,1
10093,1763.27,63.33,1.12,2.45,0.37,1
10094,1763.42,65.78,1.14,2.46,0.39,1
10095,1763.57,67.48,1.04,2.45,0.37,1
10096,1763.73,66.17,0.9900000000000001,2.44,0.36,1
10097,1763.88,64.42,1.02,2.43,0.33,1
10098,1764.03,64.2,1.11,2.45,0.27,2
10099,1764.18,65.34,1.14,2.45,0.25,2
10100,1764.33,63.91,1.14,2.45,0.25,2
10101,1764.49,63.74,1.12,2.42,0.29,1
10102,1764.64,63.4,1.12,2.4,0.3,1
10103,1764.79,65.1,1.06,2.4,0.32,1
10104,1764.94,63.91,1.06,2.41,0.34,1
10105,1765.1,63.11,1.06,2.42,0.35,1
10106,1765.25,62.26,1.03,2.42,0.35,1
10107,1765.4,63.74,1.04,2.42,0.32,1
10108,1765.55,64.42,1.06,2.43,0.32,1
10109,1765.71,64.54,1.06,2.43,0.32,1
10110,1765.86,63.57,1.04,2.44,0.34,1
10111,1766.01,65.66,1.04,2.43,0.34,1
10112,1766.16,67.82,1.04,2.44,0.34,1
10113,1766.32,70.65,1.01,2.43,0.38,1
10114,1766.47,70.77,0.97,2.44,0.38,1
10115,1766.62,70.82,0.96,2.44,0.38,1
10116,1766.77,69.75,1.0,2.43,0.33,1
10117,1766.93,69.31,1.03,2.43,0.29,1
10118,1767.08,68.79,1.09,2.42,0.28,1
10119,1767.23,69.08,1.0700000000000003,2.44,0.29,1
10120,1767.38,66.46,1.1,2.44,0.32,1
10121,1767.54,63.62,1.11,2.44,0.31,1
10122,1767.69,60.15,1.12,2.44,0.31,1
10123,1767.84,58.51,1.11,2.44,0.33,1
10124,1767.99,58.05,1.12,2.46,0.34,1
10125,1768.14,58.75,1.1,2.46,0.34,1
10126,1768.3,61.41,1.0700000000000003,2.46,0.34,1
10127,1768.45,63.18,1.09,2.46,0.35,1
10128,1768.6,64.08,1.14,2.47,0.36,1
10129,1768.75,62.67,1.15,2.49,0.34,1
10130,1768.91,59.89,1.19,2.49,0.33,1
10131,1769.06,58.41,1.21,2.47,0.33,1
10132,1769.21,57.61,1.13,2.44,0.33,1
10133,1769.36,59.59,1.13,2.43,0.33,1
10134,1769.52,60.44,1.13,2.43,0.34,1
10135,1769.67,61.58,1.18,2.43,0.34,1
10136,1769.82,60.68,1.2,2.43,0.35,1
10137,1769.97,59.89,1.17,2.44,0.34,1
10138,1770.13,60.28,1.13,2.45,0.34,1
10139,1770.28,61.19,1.17,2.47,0.33,1
10140,1770.43,62.77,1.18,2.48,0.32,1
10141,1770.58,63.62,1.21,2.48,0.31,1
10142,1770.74,64.2,1.14,2.46,0.31,1
10143,1770.89,65.95,1.13,2.44,0.32,1
10144,1771.04,66.58,1.1,2.44,0.33,1
10145,1771.19,67.25,1.08,2.43,0.34,1
10146,1771.35,65.94,1.05,2.44,0.35,1
10147,1771.5,64.57,1.04,2.45,0.35,1
10148,1771.65,64.91,1.05,2.48,0.34,1
10149,1771.8,66.74,1.13,2.47,0.33,1
10150,1771.95,65.31,1.2,2.46,0.33,1
10151,1772.11,62.65,1.19,2.44,0.32,1
10152,1772.26,60.61,1.21,2.45,0.33,1
10153,1772.41,63.67,1.13,2.45,0.33,1
10154,1772.56,66.51,1.12,2.45,0.33,1
10155,1772.72,66.41,1.19,2.45,0.31,1
10156,1772.87,63.19,1.21,2.44,0.25,2
10157,1773.02,60.69,1.24,2.46,0.26,2
10158,1773.17,57.9,1.22,2.48,0.21,2
10159,1773.33,57.39,1.26,2.49,0.27,2
10160,1773.48,55.91,1.3,2.49,0.29,2
10161,1773.63,57.56,1.32,2.47,0.31,1
10162,1773.78,60.96,1.3,2.47,0.3,1
10163,1773.94,65.34,1.26,2.47,0.31,1
10164,1774.09,66.07,1.26,2.47,0.31,1
10165,1774.24,65.32,1.27,2.47,0.31,1
10166,1774.39,65.44,1.26,2.46,0.32,1
10167,1774.55,67.65,1.26,2.47,0.31,1
10168,1774.7,68.62,1.27,2.46,0.3,1
10169,1774.85,67.43,1.29,2.48,0.3,1
10170,1775.0,65.56,1.34,2.48,0.31,1
10171,1775.16,64.59,1.33,2.48,0.32,1
10172,1775.31,65.49,1.29,2.47,0.33,1
10173,1775.46,65.27,1.28,2.45,0.32,1
10174,1775.61,64.25,1.28,2.46,0.32,1
10175,1775.76,63.35,1.25,2.45,0.31,1
10176,1775.92,63.23,1.2,2.46,0.31,1
10177,1776.07,63.86,1.18,2.49,0.3,1
10178,1776.22,64.93,1.27,2.51,0.31,1
10179,1776.37,63.69,1.3,2.51,0.3,1
10180,1776.53,61.36,1.33,2.48,0.29,2
10181,1776.68,57.49,1.32,2.47,0.29,2
10182,1776.83,58.22,1.26,2.48,0.31,1
10183,1776.98,61.97,1.28,2.47,0.31,1
10184,1777.14,65.44,1.31,2.46,0.3,1
10185,1777.29,65.95,1.31,2.45,0.3,1
10186,1777.44,62.84,1.28,2.46,0.3,1
10187,1777.59,59.31,1.3,2.47,0.29,2
10188,1777.75,57.34,1.32,2.46,0.29,2
10189,1777.9,59.55,1.34,2.47,0.3,2
10190,1778.05,60.91,1.36,2.45,0.31,1
10191,1778.2,62.55,1.29,2.44,0.31,1
10192,1778.36,62.72,1.3,2.43,0.32,1
10193,1778.51,62.99,1.28,2.44,0.32,1
10194,1778.66,61.97,1.36,2.45,0.33,1
10195,1778.81,58.91,1.38,2.46,0.33,1
10196,1778.97,59.36,1.31,2.46,0.32,1
10197,1779.12,63.5,1.27,2.43,0.32,1
10198,1779.27,68.27,1.25,2.44,0.31,1
10199,1779.42,68.66,1.28,2.44,0.32,1
10200,1779.57,66.8,1.27,2.45,0.33,1
10201,1779.73,66.12,1.21,2.45,0.35,1
10202,1779.88,68.86,1.1,2.45,0.36,1
10203,1780.03,71.93,1.11,2.46,0.35,1
10204,1780.18,73.68,1.15,2.43,0.35,1
10205,1780.34,73.9,1.19,2.43,0.32,1
10206,1780.49,72.81,1.19,2.43,0.32,1
10207,1780.64,70.43,1.23,2.47,0.3,1
10208,1780.79,66.34,1.25,2.48,0.31,1
10209,1780.95,63.33,1.24,2.48,0.31,1
10210,1781.1,64.35,1.27,2.46,0.31,1
10211,1781.25,66.96,1.25,2.44,0.31,1
10212,1781.4,66.39,1.26,2.42,0.3,1
10213,1781.56,65.03,1.22,2.44,0.3,1
10214,1781.71,65.2,1.24,2.44,0.31,1
10215,1781.86,67.02,1.27,2.44,0.3,1
10216,1782.01,68.34,1.15,2.44,0.31,1
10217,1782.17,70.5,1.14,2.46,0.32,1
10218,1782.32,74.63,1.14,2.47,0.33,1
10219,1782.47,77.7,1.1,2.46,0.31,1
10220,1782.62,76.0,1.09,2.43,0.31,1
10221,1782.78,74.87,1.06,2.4,0.32,1
10222,1782.93,71.93,1.18,2.38,0.33,1
10223,1783.08,70.22,1.19,2.41,0.33,1
10224,1783.23,68.18,1.14,2.42,0.33,1
10225,1783.38,69.36,1.14,2.45,0.33,1
10226,1783.54,71.86,1.21,2.41,0.35,1
10227,1783.69,71.91,1.21,2.43,0.35,1
10228,1783.84,69.88,1.2,2.43,0.34,1
10229,1783.99,69.48,1.15,2.44,0.33,1
10230,1784.15,70.5,1.11,2.44,0.32,1
10231,1784.3,71.62,1.2,2.46,0.33,1
10232,1784.45,72.35,1.17,2.48,0.32,1
10233,1784.6,75.42,1.11,2.48,0.33,1
10234,1784.76,75.88,1.12,2.45,0.32,1
10235,1784.91,73.49,1.14,2.46,0.26,2
10236,1785.06,67.71,1.29,2.46,0.26,2
10237,1785.21,63.91,1.33,2.48,0.28,2
10238,1785.37,64.49,1.27,2.47,0.21,2
10239,1785.52,64.54,1.24,2.47,0.21,2
10240,1785.67,66.58,1.29,2.47,0.21,2
10241,1785.82,66.0,1.29,2.48,0.23,2
10242,1785.98,69.02,1.15,2.47,0.24,2
10243,1786.13,72.18,1.12,2.44,0.33,1
10244,1786.28,77.19,1.11,2.41,0.35,1
10245,1786.43,79.79,1.11,2.42,0.33,1
10246,1786.59,79.23,1.12,2.42,0.33,1
10247,1786.74,76.22,1.1,2.44,0.32,1
10248,1786.89,75.6,1.12,2.39,0.27,1
10249,1787.04,71.86,1.25,2.42,0.3,1
10250,1787.19,67.89,1.26,2.45,0.27,2
10251,1787.35,64.15,1.18,2.5,0.3,1
10252,1787.5,69.82,1.15,2.48,0.33,1
10253,1787.65,73.95,1.14,2.47,0.32,1
10254,1787.8,76.34,1.15,2.47,0.33,1
10255,1787.96,75.21,1.15,2.48,0.34,1
10256,1788.11,76.74,1.08,2.45,0.36,1
10257,1788.26,77.25,1.14,2.42,0.36,1
10258,1788.41,75.94,1.2,2.4,0.36,1
10259,1788.57,72.49,1.21,2.42,0.35,1
10260,1788.72,67.31,1.32,2.44,0.33,1
10261,1788.87,66.12,1.24,2.47,0.3,1
10262,1789.02,63.69,1.31,2.46,0.28,2
10263,1789.18,62.56,1.33,2.45,0.26,2
10264,1789.33,59.16,1.25,2.45,0.26,2
10265,1789.48,59.89,1.26,2.46,0.27,2
10266,1789.63,61.65,1.17,2.46,0.3,1
10267,1789.79,64.76,1.16,2.44,0.31,1
10268,1789.94,67.48,1.19,2.44,0.33,1
10269,1790.09,71.4,1.19,2.44,0.31,1
10270,1790.24,71.74,1.23,2.45,0.32,1
10271,1790.4,70.72,1.25,2.46,0.3,1
10272,1790.55,64.76,1.41,2.45,0.31,1
10273,1790.7,61.02,1.34,2.45,0.3,1
10274,1790.85,58.97,1.24,2.44,0.3,1
10275,1791.0,60.56,1.22,2.45,0.28,2
10276,1791.16,61.02,1.27,2.45,0.3,1
10277,1791.31,60.45,1.27,2.44,0.31,1
10278,1791.46,58.7,1.25,2.45,0.3,1
10279,1791.61,58.75,1.24,2.46,0.3,1
10280,1791.77,60.96,1.28,2.48,0.3,1
10281,1791.92,64.64,1.25,2.49,0.3,1
10282,1792.07,67.31,1.18,2.48,0.29,1
10283,1792.22,67.47,1.13,2.46,0.28,1
10284,1792.38,66.11,1.11,2.45,0.28,1
10285,1792.53,64.91,1.12,2.45,0.29,1
10286,1792.68,66.85,1.12,2.45,0.3,1
10287,1792.83,68.28,1.11,2.43,0.3,1
10288,1792.99,70.79,1.08,2.43,0.31,1
10289,1793.14,70.79,1.0700000000000003,2.43,0.31,1
10290,1793.29,73.05,1.06,2.43,0.31,1
10291,1793.44,70.94,1.05,2.43,0.3,1
10292,1793.6,68.39,1.08,2.44,0.31,1
10293,1793.75,63.74,1.13,2.45,0.33,1
10294,1793.9,64.42,1.15,2.45,0.33,1
10295,1794.05,66.85,1.14,2.43,0.32,1
10296,1794.21,68.66,1.33,2.42,0.31,1
10297,1794.36,69.68,1.63,2.44,0.31,1
10298,1794.51,68.44,2.33,2.45,0.32,2
10299,1794.66,67.59,2.25,2.46,0.31,2
10300,1794.81,64.47,2.14,2.44,0.31,2
10301,1794.97,62.55,1.91,2.43,0.33,1
10302,1795.12,65.51,1.27,2.41,0.33,1
10303,1795.27,72.37,1.2,2.4,0.31,1
10304,1795.42,75.26,1.06,2.38,0.31,1
10305,1795.58,74.92,1.03,2.35,0.35,1
10306,1795.73,76.57,1.0,2.36,0.39,1
10308,1796.03,81.83,0.98,2.36,0.37,1
10309,1796.19,78.65,1.04,2.37,0.34,1
10310,1796.34,75.76,1.0700000000000003,2.39,0.33,1
10311,1796.49,78.16,1.0700000000000003,2.42,0.32,1
10312,1796.64,79.4,1.03,2.43,0.32,1
10313,1796.8,80.3,1.04,2.43,0.33,1
10314,1796.95,78.65,1.0700000000000003,2.43,0.34,1
10315,1797.1,78.09,1.0700000000000003,2.41,0.36,1
10316,1797.25,81.1,1.09,2.39,0.35,1
10317,1797.41,84.56,1.05,2.39,0.35,1
10318,1797.56,84.97,1.01,2.38,0.33,1
10319,1797.71,81.44,1.08,2.41,0.34,1
10320,1797.86,76.97,1.16,2.43,0.34,1
10321,1798.02,75.26,1.15,2.48,0.34,1
10322,1798.17,74.75,1.14,2.49,0.34,1
10323,1798.32,74.75,1.12,2.47,0.33,1
10324,1798.47,74.63,1.24,2.47,0.33,1
10325,1798.62,74.63,1.22,2.45,0.32,1
10326,1798.78,77.46,1.25,2.44,0.33,1
10327,1798.93,80.28,1.22,2.41,0.33,1
10328,1799.08,81.6,1.22,2.45,0.35,1
10329,1799.23,78.36,1.22,2.49,0.35,1
10330,1799.39,71.79,1.35,2.53,0.34,1
10331,1799.54,68.05,1.39,2.52,0.31,1
10332,1799.69,67.82,1.32,2.5,0.3,1
10333,1799.84,70.67,1.36,2.47,0.3,1
10334,1800.0,72.2,1.29,2.47,0.3,1
10335,1800.15,71.69,1.29,2.46,0.31,1
10336,1800.3,71.11,1.28,2.47,0.32,1
10337,1800.45,71.96,1.23,2.47,0.31,1
10338,1800.61,71.06,1.26,2.47,0.32,1
10339,1800.76,68.68,1.29,2.47,0.31,1
10340,1800.91,67.43,1.29,2.47,0.32,1
10341,1801.06,67.55,1.25,2.5,0.31,1
10342,1801.22,69.66,1.27,2.5,0.31,1
10343,1801.37,69.59,1.31,2.5,0.31,1
10344,1801.52,70.21,1.25,2.5,0.33,1
10345,1801.67,70.36,1.39,2.49,0.32,1
10346,1801.83,68.2,1.44,2.48,0.3,1
10347,1801.98,65.48,1.4,2.46,0.28,2
10348,1802.13,64.86,1.3,2.44,0.28,2
10349,1802.28,68.56,1.3,2.45,0.3,1
10350,1802.43,71.52,1.29,2.47,0.29,1
10351,1802.59,73.0,1.31,2.47,0.3,1
10352,1802.74,72.83,1.31,2.45,0.3,1
10353,1802.89,73.22,1.26,2.46,0.3,1
10354,1803.04,72.81,1.19,2.47,0.31,1
10355,1803.2,73.44,1.17,2.49,0.32,1
10356,1803.35,74.07,1.21,2.48,0.32,1
10357,1803.5,74.31,1.28,2.47,0.34,1
10358,1803.65,73.63,1.29,2.45,0.34,1
10359,1803.81,72.42,1.28,2.46,0.34,1
10360,1803.96,72.35,1.28,2.48,0.33,1
10361,1804.11,73.6,1.28,2.48,0.32,1
10362,1804.26,74.91,1.28,2.49,0.32,1
10363,1804.42,77.29,1.3,2.47,0.31,1
10364,1804.57,77.07,1.22,2.45,0.31,1
10365,1804.72,81.1,1.16,2.44,0.31,1
10366,1804.87,84.39,1.0700000000000003,2.43,0.32,1
10367,1805.03,88.86,1.05,2.42,0.32,1
10368,1805.18,89.72,1.03,2.43,0.33,1
10369,1805.33,88.76,1.05,2.45,0.34,1
10370,1805.48,88.32,1.2,2.46,0.34,1
10371,1805.64,87.35,1.18,2.44,0.32,1
10372,1805.79,86.96,1.09,2.41,0.32,1
10373,1805.94,86.84,1.08,2.41,0.33,1
10374,1806.09,87.13,1.29,2.43,0.36,1
10375,1806.24,85.14,1.4,2.43,0.38,1
10377,1806.55,78.94,1.18,2.42,0.38,1
10378,1806.7,81.32,1.24,2.43,0.37,1
10379,1806.85,83.59,1.55,2.43,0.36,1
10380,1807.01,82.51,1.46,2.44,0.35,1
10381,1807.16,78.65,1.2,2.43,0.35,1
10382,1807.31,76.56,1.13,2.43,0.32,1
10383,1807.46,76.73,1.12,2.43,0.31,1
10384,1807.62,79.79,1.2,2.43,0.32,1
10385,1807.77,84.22,1.13,2.43,0.32,1
10386,1807.92,85.7,1.13,2.43,0.28,1
10387,1808.07,84.97,1.1,2.43,0.29,1
10388,1808.23,82.07,1.12,2.42,0.31,1
10389,1808.38,79.79,1.27,2.41,0.33,1
10390,1808.53,79.55,1.27,2.41,0.35,1
10391,1808.68,81.6,1.24,2.42,0.34,1
10392,1808.84,85.75,1.23,2.43,0.35,1
10393,1808.99,84.29,1.23,2.43,0.34,1
10394,1809.14,80.71,1.2,2.43,0.34,1
10395,1809.29,77.53,1.22,2.43,0.34,1
10396,1809.45,77.41,1.25,2.43,0.35,1
10397,1809.6,78.26,1.53,2.44,0.36,1
10398,1809.75,78.04,1.67,2.46,0.35,1
10399,1809.9,80.2,1.59,2.47,0.34,1
10400,1810.05,80.83,1.5,2.48,0.32,1
10401,1810.21,81.46,1.34,2.47,0.33,1
10402,1810.36,79.08,1.29,2.46,0.33,1
10403,1810.51,79.59,1.22,2.45,0.33,1
10404,1810.66,79.52,1.19,2.45,0.29,1
10405,1810.82,80.83,1.19,2.48,0.25,2
10406,1810.97,79.47,1.17,2.48,0.25,2
10407,1811.12,79.13,1.14,2.47,0.35,1
10408,1811.27,79.4,1.13,2.46,0.34,1
10409,1811.43,81.54,1.16,2.43,0.33,1
10410,1811.58,81.88,1.21,2.42,0.27,1
10411,1811.73,80.81,1.28,2.39,0.28,1
10412,1811.88,78.99,1.59,2.46,0.25,2
10413,1812.04,78.21,1.84,2.47,0.32,1
10414,1812.19,78.72,1.74,2.45,0.31,1
10415,1812.34,80.95,1.16,2.44,0.31,1
10416,1812.49,81.9,1.12,2.44,0.34,1
10417,1812.65,82.19,1.1,2.44,0.35,1
10418,1812.8,80.15,1.03,2.43,0.35,1
10419,1812.95,79.88,1.03,2.44,0.34,1
10420,1813.1,79.47,1.0700000000000003,2.43,0.33,1
10421,1813.26,77.48,1.0700000000000003,2.43,0.33,1
10422,1813.41,76.0,0.9900000000000001,2.42,0.33,1
10423,1813.56,80.88,0.93,2.42,0.33,1
10424,1813.71,86.21,0.89,2.43,0.34,1
10425,1813.86,88.25,0.86,2.43,0.35,1
10426,1814.02,85.82,0.84,2.42,0.35,1
10427,1814.17,84.11,0.83,2.41,0.34,1
10428,1814.32,86.04,0.83,2.41,0.34,1
10429,1814.47,87.04,0.83,2.41,0.34,1
10430,1814.63,86.92,0.96,2.42,0.33,1
10431,1814.78,87.26,1.02,2.42,0.34,1
10432,1814.93,84.71,1.03,2.4,0.34,1
10433,1815.08,83.86,1.03,2.4,0.34,1
10434,1815.24,83.64,1.01,2.41,0.34,1
10435,1815.39,86.04,0.91,2.42,0.34,1
10436,1815.54,87.93,0.81,2.42,0.33,1
10437,1815.69,85.94,0.8,2.42,0.32,1
10438,1815.85,83.43,0.84,2.42,0.33,1
10439,1816.0,81.22,0.86,2.42,0.34,1
10440,1816.15,80.93,0.87,2.42,0.35,1
10441,1816.3,80.98,0.92,2.4,0.34,1
10442,1816.46,81.08,0.98,2.39,0.35,1
10443,1816.61,81.08,1.0,2.37,0.36,1
10444,1816.76,82.84,0.98,2.38,0.34,1
10445,1816.91,84.54,0.93,2.4,0.33,1
10446,1817.07,84.54,0.96,2.42,0.31,1
10447,1817.22,82.4,1.06,2.41,0.32,1
10448,1817.37,78.36,1.03,2.41,0.31,1
10449,1817.52,76.95,1.02,2.41,0.31,1
10450,1817.67,78.65,1.06,2.42,0.33,1
10451,1817.83,81.83,1.16,2.43,0.33,1
10452,1817.98,86.33,1.33,2.44,0.32,1
10453,1818.13,89.39,1.2,2.43,0.3,1
10454,1818.28,91.77,1.09,2.43,0.29,1
10455,1818.44,91.37,1.09,2.42,0.3,1
10456,1818.59,88.52,1.11,2.44,0.3,1
10457,1818.74,84.34,1.15,2.43,0.31,1
10458,1818.89,82.02,1.23,2.44,0.3,1
10459,1819.05,82.53,1.28,2.44,0.29,1
10460,1819.2,85.19,1.17,2.44,0.3,1
10461,1819.35,84.9,1.13,2.42,0.31,1
10462,1819.5,83.71,1.09,2.41,0.32,1
10463,1819.66,84.05,1.08,2.41,0.33,1
10464,1819.81,85.97,1.0700000000000003,2.41,0.33,1
10465,1819.96,86.26,1.05,2.42,0.33,1
10466,1820.11,85.02,1.0700000000000003,2.42,0.31,1
10467,1820.27,84.46,1.0700000000000003,2.41,0.32,1
10468,1820.42,83.94,1.0700000000000003,2.41,0.32,1
10469,1820.57,83.94,1.06,2.41,0.32,1
10470,1820.72,82.8,1.09,2.42,0.33,1
10471,1820.88,84.39,1.09,2.43,0.33,1
10472,1821.03,87.89,1.09,2.43,0.33,1
10473,1821.18,88.57,1.08,2.42,0.31,1
10474,1821.33,86.14,1.05,2.42,0.31,1
10475,1821.48,82.8,1.05,2.42,0.31,1
10476,1821.64,82.86,1.0700000000000003,2.42,0.29,1
10477,1821.79,85.63,1.0700000000000003,2.41,0.29,1
10478,1821.94,84.49,1.0700000000000003,2.41,0.28,1
10479,1822.09,82.4,1.06,2.42,0.3,1
10480,1822.25,78.72,1.05,2.43,0.3,1
10481,1822.4,77.65,1.04,2.42,0.31,1
10482,1822.55,79.93,1.05,2.4,0.32,1
10483,1822.7,82.02,1.06,2.4,0.3,1
10484,1822.86,84.06,1.0700000000000003,2.41,0.29,1
10485,1823.01,83.94,1.0700000000000003,2.42,0.29,1
10486,1823.16,86.84,1.0700000000000003,2.42,0.29,1
10487,1823.31,90.63,1.0700000000000003,2.42,0.31,1
10488,1823.47,90.86,1.06,2.43,0.32,1
10489,1823.62,86.65,1.05,2.43,0.33,1
10490,1823.77,81.37,1.05,2.42,0.32,1
10491,1823.92,80.98,1.05,2.4,0.31,1
10492,1824.08,83.93,1.05,2.4,0.3,1
10493,1824.23,87.96,1.05,2.42,0.3,1
10494,1824.38,88.86,1.05,2.43,0.3,1
10495,1824.53,90.07,1.03,2.41,0.3,1
10496,1824.69,90.46,1.03,2.4,0.31,1
10497,1824.84,90.87,1.04,2.4,0.3,1
10498,1824.99,89.95,1.04,2.41,0.3,1
10499,1825.14,90.29,1.04,2.42,0.3,1
10500,1825.29,91.25,1.03,2.41,0.31,1
10501,1825.45,90.91,1.03,2.41,0.29,1
10502,1825.6,87.4,1.03,2.41,0.29,1
10503,1825.75,85.48,1.04,2.42,0.27,1
10504,1825.9,82.53,1.05,2.42,0.29,1
10505,1826.06,81.68,1.04,2.43,0.29,1
10506,1826.21,79.93,1.02,2.43,0.31,1
10507,1826.36,79.69,1.01,2.44,0.32,1
10508,1826.51,80.3,1.02,2.44,0.31,1
10509,1826.67,82.67,1.02,2.44,0.31,1
10510,1826.82,85.51,1.02,2.42,0.3,1
10511,1826.97,87.16,1.03,2.43,0.31,1
10512,1827.12,87.52,1.0700000000000003,2.43,0.3,1
10513,1827.28,88.15,1.09,2.44,0.3,1
10514,1827.43,88.66,1.09,2.43,0.3,1
10515,1827.58,89.15,1.0700000000000003,2.42,0.3,1
10516,1827.73,87.5,1.06,2.42,0.3,1
10517,1827.89,84.49,1.04,2.43,0.31,1
10518,1828.04,82.91,1.05,2.43,0.32,1
10519,1828.19,84.85,1.05,2.43,0.31,1
10520,1828.34,87.91,0.9900000000000001,2.42,0.3,1
10521,1828.5,90.02,0.9900000000000001,2.42,0.29,1
10522,1828.65,91.15,0.9900000000000001,2.43,0.3,1
10523,1828.8,93.07,0.9900000000000001,2.43,0.3,1
10524,1828.95,93.34,1.01,2.43,0.31,1
10525,1829.1,90.06,1.0,2.43,0.32,1
10526,1829.26,85.07,1.01,2.43,0.32,1
10527,1829.41,83.09,1.01,2.43,0.33,1
10528,1829.56,83.55,1.0,2.43,0.32,1
10529,1829.71,83.84,1.01,2.43,0.33,1
10530,1829.87,81.85,1.03,2.43,0.32,1
10531,1830.02,80.15,1.05,2.43,0.32,1
10532,1830.17,81.44,1.05,2.43,0.32,1
10533,1830.32,83.54,1.05,2.44,0.32,1
10534,1830.48,85.29,1.0700000000000003,2.44,0.33,1
10535,1830.63,89.27,1.0700000000000003,2.43,0.32,1
10536,1830.78,92.68,1.05,2.41,0.3,1
10537,1830.93,95.45,1.04,2.42,0.29,1
10538,1831.09,92.44,1.04,2.42,0.3,1
10539,1831.24,88.76,1.04,2.43,0.31,1
10540,1831.39,82.17,1.11,2.43,0.3,1
10541,1831.54,77.36,1.14,2.43,0.27,1
10542,1831.7,74.8,1.17,2.44,0.26,2
10543,1831.85,74.7,1.16,2.43,0.27,1
10544,1832.0,75.04,1.15,2.43,0.28,1
10545,1832.15,72.76,1.16,2.43,0.28,1
10546,1832.31,72.98,1.17,2.43,0.29,1
10547,1832.46,73.2,1.16,2.43,0.28,1
10548,1832.61,75.76,1.13,2.42,0.28,1
10549,1832.76,77.17,1.08,2.43,0.29,1
10550,1832.91,78.99,1.1,2.45,0.29,1
10551,1833.07,79.11,1.0700000000000003,2.46,0.3,1
10552,1833.22,80.49,1.06,2.44,0.3,1
10553,1833.37,84.34,1.02,2.44,0.31,1
10554,1833.52,89.54,1.01,2.44,0.31,1
10555,1833.68,93.27,1.04,2.45,0.32,1
10556,1833.83,90.89,1.05,2.44,0.32,1
10557,1833.98,86.24,1.06,2.43,0.32,1
10558,1834.13,81.6,1.05,2.43,0.3,1
10559,1834.29,77.92,1.06,2.43,0.3,1
10560,1834.44,75.71,1.12,2.42,0.29,1
10561,1834.59,73.39,1.14,2.42,0.29,1
10562,1834.74,74.34,1.14,2.43,0.28,1
10563,1834.9,74.4,1.16,2.43,0.28,1
10564,1835.05,75.52,1.2,2.43,0.27,1
10565,1835.2,75.25,1.2,2.44,0.27,1
10566,1835.35,74.58,1.19,2.44,0.27,1
10567,1835.51,73.29,1.17,2.45,0.27,1
10568,1835.66,71.64,1.15,2.45,0.26,2
10569,1835.81,72.66,1.14,2.44,0.26,2
10570,1835.96,75.09,1.17,2.43,0.26,2
10571,1836.12,79.69,1.15,2.43,0.26,1
10572,1836.27,83.88,1.12,2.44,0.27,1
10573,1836.42,85.46,1.13,2.44,0.28,1
10574,1836.57,85.87,1.13,2.44,0.29,1
10575,1836.72,83.94,1.11,2.44,0.29,1
10576,1836.88,82.8,1.08,2.45,0.29,1
10577,1837.03,82.23,1.1,2.45,0.28,1
10578,1837.18,83.13,1.12,2.45,0.28,1
10579,1837.33,83.88,1.1,2.45,0.28,1
10580,1837.49,83.54,1.12,2.44,0.3,1
10581,1837.64,79.23,1.18,2.45,0.32,1
10582,1837.79,75.54,1.19,2.45,0.31,1
10583,1837.94,74.68,1.17,2.44,0.3,1
10584,1838.1,76.61,1.2,2.44,0.29,1
10585,1838.25,77.29,1.22,2.45,0.29,1
10586,1838.4,79.33,1.16,2.46,0.3,1
10587,1838.55,79.72,1.21,2.46,0.3,1
10588,1838.71,79.79,1.23,2.46,0.29,1
10589,1838.86,78.43,1.18,2.45,0.28,1
10590,1839.01,77.08,1.22,2.46,0.28,1
10591,1839.16,76.11,1.24,2.46,0.31,1
10592,1839.32,76.91,1.27,2.46,0.3,1
10593,1839.47,78.26,1.28,2.46,0.3,1
10594,1839.62,80.93,1.31,2.45,0.29,1
10595,1839.77,78.89,1.34,2.46,0.29,1
10596,1839.93,77.77,1.3,2.46,0.27,1
10597,1840.08,74.8,1.32,2.46,0.26,2
10598,1840.23,73.56,1.31,2.45,0.26,2
10599,1840.38,71.3,1.32,2.45,0.25,2
10600,1840.53,70.05,1.39,2.45,0.26,2
10601,1840.69,72.78,1.4,2.45,0.26,2
10602,1840.84,77.37,1.25,2.45,0.27,1
10603,1840.99,81.29,1.23,2.45,0.27,1
10604,1841.14,80.71,1.22,2.45,0.27,1
10605,1841.3,78.89,1.23,2.44,0.28,1
10606,1841.45,78.04,1.23,2.44,0.27,1
10607,1841.6,74.63,1.23,2.44,0.28,1
10608,1841.75,74.57,1.25,2.44,0.28,1
10609,1841.91,72.91,1.25,2.44,0.28,1
10610,1842.06,73.94,1.26,2.45,0.27,2
10611,1842.21,72.3,1.34,2.46,0.27,2
10612,1842.36,74.05,1.4,2.45,0.27,2
10613,1842.52,72.69,1.41,2.45,0.26,2
10614,1842.67,71.04,1.4,2.45,0.25,2
10615,1842.82,67.19,1.45,2.47,0.24,2
10616,1842.97,66.8,1.38,2.45,0.25,2
10617,1843.13,67.14,1.36,2.44,0.26,2
10618,1843.28,67.71,1.33,2.42,0.26,2
10619,1843.43,66.39,1.3,2.42,0.26,2
10620,1843.58,67.71,1.3,2.42,0.27,2
10621,1843.74,73.83,1.34,2.42,0.28,1
10622,1843.89,76.34,1.35,2.43,0.26,2
10623,1844.04,75.08,1.36,2.43,0.25,2
10624,1844.19,69.8,1.49,2.43,0.24,2
10625,1844.34,66.16,1.47,2.43,0.25,2
10626,1844.5,63.84,1.48,2.43,0.26,2
10627,1844.65,61.07,1.47,2.44,0.26,2
10628,1844.8,61.58,1.48,2.44,0.25,2
10629,1844.95,63.79,1.43,2.44,0.24,2
10630,1845.11,65.78,1.42,2.45,0.25,2
10631,1845.26,69.88,1.42,2.45,0.26,2
10632,1845.41,71.59,1.43,2.44,0.26,2
10633,1845.56,71.81,1.4,2.43,0.25,2
10634,1845.72,70.11,1.4,2.43,0.25,2
10635,1845.87,69.42,1.37,2.42,0.25,2
10636,1846.02,70.45,1.4,2.42,0.24,2
10637,1846.17,70.5,1.45,2.42,0.24,2
10638,1846.33,70.96,1.49,2.43,0.25,2
10639,1846.48,70.74,1.53,2.45,0.25,2
10640,1846.63,69.03,1.56,2.46,0.26,2
10641,1846.78,66.7,1.57,2.47,0.25,2
10642,1846.94,65.34,1.59,2.45,0.24,2
10643,1847.09,63.98,1.73,2.46,0.23,2
10644,1847.24,61.99,1.83,2.46,0.22,2
10645,1847.39,59.09,1.71,2.47,0.23,2
10646,1847.55,61.31,1.47,2.45,0.22,2
10647,1847.7,65.17,1.45,2.46,0.23,2
10648,1847.85,66.97,1.48,2.45,0.24,2
10649,1848.0,65.15,1.49,2.44,0.25,2
10650,1848.15,61.68,1.5,2.43,0.25,2
10651,1848.31,62.31,1.6,2.44,0.24,2
10652,1848.46,62.14,1.72,2.45,0.24,2
10653,1848.61,58.51,1.91,2.48,0.23,2
10654,1848.76,52.95,1.92,2.49,0.23,0
10655,1848.92,48.18,1.9,2.49,0.21,0
10656,1849.07,47.89,1.95,2.46,0.2,0
10657,1849.22,47.5,1.93,2.45,0.19,0
10658,1849.37,49.54,1.79,2.44,0.21,2
10659,1849.53,53.99,1.57,2.46,0.22,2
10660,1849.68,59.6,1.57,2.47,0.22,2
10661,1849.83,63.01,1.64,2.46,0.22,2
10662,1849.98,62.77,1.75,2.46,0.22,2
10663,1850.14,62.09,1.91,2.46,0.21,2
10664,1850.29,59.88,1.97,2.46,0.21,2
10665,1850.44,57.15,1.97,2.46,0.21,2
10666,1850.59,55.74,1.86,2.46,0.22,2
10667,1850.75,56.59,1.89,2.44,0.22,2
10668,1850.9,59.65,2.14,2.44,0.21,0
10669,1851.05,59.76,2.14,2.43,0.21,2
10670,1851.2,57.83,2.03,2.45,0.21,2
10671,1851.36,56.47,1.85,2.44,0.22,2
10672,1851.51,56.93,1.8,2.44,0.21,2
10673,1851.66,57.15,1.84,2.44,0.22,2
10674,1851.81,55.4,1.87,2.44,0.23,2
10675,1851.96,54.55,1.92,2.44,0.23,2
10676,1852.12,55.52,1.92,2.45,0.22,2
10677,1852.27,57.85,1.94,2.46,0.22,2
10678,1852.42,58.7,1.92,2.45,0.21,2
10679,1852.57,58.19,2.07,2.44,0.21,2
10680,1852.73,55.47,2.08,2.43,0.2,0
10681,1852.88,51.84,2.04,2.43,0.2,0
10682,1853.03,48.32,1.96,2.43,0.2,0
10683,1853.18,45.3,1.93,2.44,0.19,0
10684,1853.34,45.46,1.92,2.44,0.2,0
10685,1853.49,46.89,1.97,2.45,0.2,0
10686,1853.64,50.51,1.98,2.45,0.21,0
10687,1853.79,51.48,1.9,2.44,0.21,2
10688,1853.95,52.39,1.85,2.44,0.21,2
10689,1854.1,52.67,1.84,2.44,0.21,2
10690,1854.25,54.21,1.78,2.44,0.22,2
10691,1854.4,55.91,1.85,2.42,0.23,2
10692,1854.56,56.88,1.76,2.41,0.23,2
10693,1854.71,57.22,1.75,2.42,0.24,2
10694,1854.86,58.12,1.78,2.44,0.23,2
10695,1855.01,58.68,1.82,2.45,0.22,2
10696,1855.17,58.0,1.94,2.44,0.2,2
10697,1855.32,56.25,1.86,2.44,0.2,2
10698,1855.47,54.72,1.77,2.43,0.21,2
10699,1855.62,55.35,1.65,2.43,0.22,2
10700,1855.77,56.76,1.62,2.43,0.23,2
10701,1855.93,57.73,1.73,2.43,0.24,2
10702,1856.08,57.49,1.73,2.43,0.23,2
10703,1856.23,57.32,1.67,2.43,0.24,2
10704,1856.38,57.2,1.68,2.44,0.24,2
10705,1856.54,60.16,1.58,2.47,0.25,2
10706,1856.69,62.89,1.53,2.48,0.24,2
10707,1856.84,67.36,1.42,2.47,0.24,2
10708,1856.99,67.88,1.42,2.46,0.24,2
10709,1857.15,67.99,1.37,2.46,0.25,2
10710,1857.3,67.14,1.37,2.46,0.25,2
10711,1857.45,67.54,1.44,2.47,0.25,2
10712,1857.6,66.96,1.39,2.47,0.24,2
10713,1857.76,67.25,1.47,2.45,0.24,2
10714,1857.91,70.26,1.38,2.44,0.25,2
10715,1858.06,72.49,1.37,2.42,0.25,2
10716,1858.21,71.86,1.4,2.42,0.25,2
10717,1858.37,69.59,1.31,2.43,0.24,2
10718,1858.52,69.7,1.28,2.45,0.24,2
10719,1858.67,70.72,1.34,2.46,0.25,2
10720,1858.82,72.98,1.26,2.45,0.26,2
10721,1858.98,73.9,1.25,2.45,0.26,2
10722,1859.13,74.46,1.3,2.46,0.26,2
10723,1859.28,74.0,1.31,2.45,0.25,2
10724,1859.43,76.1,1.26,2.45,0.26,2
10725,1859.58,78.16,1.27,2.43,0.27,1
10726,1859.74,76.18,1.29,2.44,0.27,1
10727,1859.89,73.73,1.28,2.44,0.26,2
10728,1860.04,74.63,1.26,2.45,0.25,2
10729,1860.19,75.65,1.26,2.45,0.26,2
10730,1860.35,75.55,1.22,2.45,0.27,1
10731,1860.5,74.19,1.2,2.45,0.27,1
10732,1860.65,74.97,1.23,2.46,0.28,1
10733,1860.8,75.37,1.27,2.46,0.29,1
10734,1860.96,75.88,1.25,2.47,0.29,1
10735,1861.11,77.07,1.25,2.47,0.28,1
10736,1861.26,78.09,1.27,2.47,0.26,2
10737,1861.41,78.04,1.28,2.48,0.26,2
10738,1861.57,77.7,1.27,2.49,0.26,2
10739,1861.72,78.62,1.29,2.5,0.26,2
10740,1861.87,77.53,1.29,2.47,0.25,2
10741,1862.02,75.6,1.3,2.46,0.24,2
10742,1862.18,73.37,1.35,2.45,0.25,2
10743,1862.33,73.2,1.37,2.46,0.26,2
10744,1862.48,73.99,1.38,2.46,0.26,2
10745,1862.63,74.4,1.37,2.46,0.27,2
10746,1862.79,75.37,1.35,2.46,0.27,2
10747,1862.94,75.72,1.45,2.46,0.25,2
10748,1863.09,74.82,1.51,2.47,0.23,2
10749,1863.24,73.29,1.56,2.47,0.22,2
10750,1863.39,70.33,1.58,2.48,0.22,2
10751,1863.55,66.63,1.71,2.49,0.22,2
10752,1863.7,63.18,1.65,2.49,0.23,2
10753,1863.85,65.17,1.58,2.5,0.23,2
10754,1864.0,67.84,1.59,2.49,0.24,2
10755,1864.16,68.51,1.7,2.48,0.22,2
10756,1864.31,66.46,1.67,2.47,0.22,2
10757,1864.46,62.6,1.7,2.46,0.22,2
10758,1864.61,62.5,1.74,2.45,0.23,2
10759,1864.77,62.79,1.53,2.44,0.24,2
10760,1864.92,66.53,1.48,2.44,0.25,2
10761,1865.07,69.94,1.42,2.45,0.25,2
10762,1865.22,72.71,1.47,2.45,0.24,2
10763,1865.38,73.95,1.47,2.46,0.24,2
10764,1865.53,73.88,1.52,2.46,0.25,2
10765,1865.68,71.16,1.58,2.46,0.25,2
10766,1865.83,68.22,1.54,2.46,0.24,2
10767,1865.99,65.1,1.6,2.45,0.24,2
10768,1866.14,65.1,1.61,2.44,0.22,2
10769,1866.29,66.07,1.58,2.45,0.22,2
10770,1866.44,65.22,1.66,2.45,0.22,2
10771,1866.6,61.82,1.61,2.45,0.22,2
10772,1866.75,58.46,1.65,2.45,0.22,2
10773,1866.9,57.1,1.65,2.45,0.22,2
10774,1867.05,56.37,1.72,2.45,0.22,2
10775,1867.2,55.47,1.74,2.46,0.22,2
10776,1867.36,54.16,1.81,2.47,0.22,2
10777,1867.51,54.38,1.8,2.47,0.22,2
10778,1867.66,53.8,1.8,2.46,0.22,2
10779,1867.81,52.5,1.73,2.48,0.22,2
10780,1867.97,53.92,1.69,2.48,0.22,2
10781,1868.12,56.25,1.68,2.47,0.23,2
10782,1868.27,58.68,1.7,2.45,0.22,2
10783,1868.42,56.81,1.75,2.45,0.22,2
10784,1868.58,57.32,1.62,2.45,0.21,2
10785,1868.73,59.94,1.59,2.45,0.22,2
10786,1868.88,62.45,1.63,2.44,0.23,2
10787,1869.03,60.74,1.63,2.46,0.24,2
10788,1869.19,58.41,1.63,2.46,0.25,2
10789,1869.34,60.68,1.54,2.47,0.25,2
10790,1869.49,64.08,1.52,2.47,0.25,2
10791,1869.64,64.2,1.59,2.46,0.24,2
10792,1869.8,60.45,1.62,2.47,0.24,2
10793,1869.95,58.0,1.68,2.45,0.24,2
10794,1870.1,57.2,1.8,2.44,0.25,2
10795,1870.25,57.03,1.81,2.43,0.25,2
10796,1870.41,55.23,1.83,2.44,0.25,2
10797,1870.56,54.38,1.84,2.45,0.24,2
10798,1870.71,52.96,1.86,2.44,0.22,2
10799,1870.86,52.62,1.79,2.43,0.21,2
10800,1871.01,55.23,1.68,2.43,0.21,2
10801,1871.17,55.45,1.71,2.43,0.19,2
10802,1871.32,55.5,1.72,2.41,0.14,2
10803,1871.47,52.85,1.7,2.41,0.16,2
10804,1871.62,51.72,1.7,2.39,0.17,2
10805,1871.78,51.5,1.7,2.4,0.18,2
10806,1871.93,49.39,1.75,2.41,0.23,2
10807,1872.08,46.6,1.91,2.42,0.24,2
10808,1872.23,42.0,1.93,2.42,0.23,0
10809,1872.39,39.67,1.9,2.41,0.22,0
10810,1872.54,39.96,1.73,2.38,0.23,2
10811,1872.69,41.83,1.72,2.37,0.23,2
10812,1872.84,42.46,1.72,2.36,0.24,2
10813,1873.0,41.2,1.93,2.34,0.23,2
10814,1873.15,40.28,1.97,2.35,0.23,2
10815,1873.3,42.78,1.7,2.35,0.23,2
10816,1873.45,46.94,1.6,2.37,0.24,2
10817,1873.61,51.04,1.7,2.37,0.25,2
10818,1873.76,50.8,1.7,2.37,0.24,2
10819,1873.91,48.98,1.76,2.37,0.23,2
10820,1874.06,45.51,1.68,2.35,0.22,2
10821,1874.22,43.41,1.63,2.35,0.22,3
10822,1874.37,43.7,1.6,2.35,0.21,3
10823,1874.52,45.36,1.6,2.34,0.22,3
10824,1874.67,47.69,1.58,2.34,0.22,3
10825,1874.82,51.14,1.6,2.33,0.23,3
10826,1874.98,57.1,1.67,2.35,0.22,2
10827,1875.13,63.33,1.72,2.36,0.22,2
10828,1875.28,65.76,2.06,2.37,0.23,2
10829,1875.43,65.88,2.05,2.35,0.23,2
10830,1875.59,66.22,2.05,2.33,0.24,2
10831,1875.74,67.71,1.69,2.33,0.25,2
10832,1875.89,67.13,1.48,2.33,0.26,2
10833,1876.04,66.91,1.38,2.37,0.25,2
10834,1876.2,70.31,1.37,2.43,0.27,2
10835,1876.35,76.44,1.37,2.52,0.28,2
10836,1876.5,82.62,1.42,2.64,0.3,1
10837,1876.65,87.62,1.42,2.56,0.3,1
10838,1876.81,99.78,1.14,2.48,0.3,1
11165,1926.64,97.73,2.67,2.42,0.17,2
11166,1926.79,65.22,1.34,2.33,0.16,3
11167,1926.95,36.5,1.09,2.29,0.16,3
11168,1927.1,19.82,1.05,2.29,0.17,3
11169,1927.25,18.68,1.01,2.28,0.17,3
11170,1927.4,17.22,0.97,2.27,0.18,3
11171,1927.56,16.299999999999997,0.97,2.27,0.19,3
11172,1927.71,14.719999999999999,1.01,2.27,0.19,3
11173,1927.86,13.920000000000002,0.97,2.28,0.19,3
11174,1928.01,15.79,0.78,2.29,0.19,3
11175,1928.16,16.739999999999995,0.79,2.28,0.19,3
11176,1928.32,17.83,0.88,2.27,0.19,3
11177,1928.47,16.47,0.9900000000000001,2.25,0.18,3
11178,1928.62,16.879999999999995,1.03,2.24,0.18,3
11179,1928.77,17.439999999999998,1.25,2.24,0.17,3
11180,1928.93,18.85,1.28,2.24,0.17,3
11181,1929.08,19.36,1.31,2.26,0.17,3
11182,1929.23,18.510000000000005,1.48,2.29,0.17,3
11183,1929.38,19.89,1.7,2.32,0.17,3
11184,1929.54,23.29,1.76,2.34,0.16,3
11185,1929.69,28.11,1.96,2.38,0.17,0
11186,1929.84,31.5,2.26,2.38,0.17,0
11187,1929.99,31.26,1.87,2.34,0.18,3
11188,1930.15,29.509999999999998,1.41,2.29,0.18,3
11189,1930.3,25.759999999999998,1.17,2.27,0.2,3
11190,1930.45,24.01,1.34,2.27,0.21,3
11191,1930.6,22.870000000000005,1.58,2.27,0.21,3
11192,1930.76,24.300000000000004,1.58,2.29,0.2,3
11193,1930.91,25.05,1.57,2.31,0.2,3
11194,1931.06,26.919999999999998,1.72,2.35,0.19,3
11195,1931.21,29.419999999999998,1.86,2.38,0.2,0
11196,1931.37,31.979999999999997,1.66,2.4,0.21,0
11197,1931.52,33.17,1.41,2.37,0.22,3
11198,1931.67,32.49,1.31,2.36,0.23,3
11199,1931.82,45.81,1.31,2.33,0.25,3
11200,1931.97,74.41,2.64,2.34,0.26,2
11201,1932.13,94.09,2.08,2.32,0.25,2
11202,1932.28,98.18,1.93,2.31,0.23,2
11203,1932.43,88.47,1.91,2.31,0.22,2
11204,1932.58,87.23,2.0,2.33,0.23,2
11205,1932.74,93.19,2.18,2.34,0.24,2
11206,1932.89,81.68,2.68,2.35,0.25,2
11207,1933.04,86.5,1.9,2.34,0.25,2
11208,1933.19,80.88,1.7,2.33,0.24,2
11209,1933.35,83.88,1.64,2.3,0.24,2
11210,1933.5,70.21,1.52,2.32,0.24,2
11211,1933.65,66.29,2.39,2.36,0.23,2
11212,1933.8,75.48,2.78,2.41,0.23,0
11215,1934.26,92.8,2.26,2.39,0.19,2
11216,1934.41,67.77,1.11,2.34,0.18,3
11217,1934.57,43.07,0.91,2.29,0.19,3
11218,1934.72,24.52,0.88,2.28,0.19,3
11219,1934.87,17.370000000000005,0.86,2.27,0.19,3
11220,1935.02,16.639999999999993,0.83,2.27,0.19,3
11221,1935.18,19.019999999999996,0.81,2.26,0.19,3
11222,1935.33,20.6,0.83,2.27,0.19,3
11223,1935.48,20.67,0.94,2.27,0.19,3
11224,1935.63,21.86,1.04,2.3,0.19,3
11225,1935.78,24.26,1.33,2.34,0.2,3
11226,1935.94,31.81,1.82,2.39,0.21,0
11227,1936.09,47.69,2.14,2.4,0.22,0
11228,1936.24,66.58,1.69,2.35,0.22,2
11229,1936.39,76.28,1.2,2.3,0.2,3
11230,1936.55,66.07,1.0700000000000003,2.31,0.2,3
11231,1936.7,46.65,1.0700000000000003,2.37,0.21,3
11232,1936.85,37.41,1.2,2.45,0.24,2
11233,1937.0,50.05,2.98,2.49,0.27,0
11249,1939.44,90.06,1.52,2.3,0.2,2
11250,1939.59,59.42,1.44,2.28,0.2,3
11251,1939.75,41.37,1.53,2.29,0.2,3
11252,1939.9,37.18,1.61,2.31,0.2,3
11253,1940.05,40.54,1.58,2.31,0.19,3
11254,1940.2,43.43,1.47,2.3,0.19,3
11255,1940.36,45.47,1.37,2.28,0.2,3
11256,1940.51,42.92,1.35,2.27,0.22,3
11257,1940.66,44.23,1.49,2.32,0.24,3
11258,1940.81,51.77,1.87,2.38,0.26,2
11259,1940.97,74.12,2.42,2.45,0.28,2
11262,1941.42,94.94,2.08,2.43,0.24,2
11263,1941.58,72.93,1.99,2.38,0.22,2
11264,1941.73,70.21,1.85,2.32,0.21,2
11265,1941.88,69.31,1.78,2.32,0.21,2
11266,1942.03,70.31,1.67,2.31,0.2,2
11267,1942.19,81.95,1.93,2.33,0.2,2
11268,1942.34,82.74,1.53,2.32,0.21,2
11269,1942.49,92.68,1.36,2.33,0.21,2
11270,1942.64,84.39,2.1,2.32,0.2,2
11271,1942.8,84.85,1.72,2.31,0.2,2
11272,1942.95,66.85,1.37,2.3,0.19,3
11273,1943.1,47.45,1.36,2.28,0.2,3
11274,1943.25,32.35,1.27,2.29,0.19,3
11275,1943.4,27.53,1.26,2.29,0.2,3
11276,1943.56,32.3,1.31,2.34,0.22,3
11277,1943.71,45.58,2.45,2.39,0.26,0
11284,1944.78,77.36,1.6,2.41,0.2,2
11285,1944.93,47.28,1.58,2.41,0.2,2
11286,1945.08,55.11,2.52,2.37,0.22,0
11302,1947.52,62.5,1.33,2.31,0.37,1
11303,1947.67,53.24,1.39,2.36,0.32,1
11304,1947.82,51.69,1.16,2.33,0.26,3
11305,1947.98,50.67,1.12,2.31,0.24,3
11306,1948.13,49.76,1.17,2.28,0.22,3
11307,1948.28,50.9,1.17,2.29,0.21,3
11308,1948.43,52.78,1.26,2.3,0.21,3
11309,1948.59,51.13,1.18,2.3,0.2,3
11310,1948.74,46.53,1.08,2.31,0.19,3
11311,1948.89,40.69,1.06,2.29,0.19,3
11312,1949.04,38.55,1.2,2.31,0.19,3
11313,1949.2,41.61,1.6,2.32,0.19,3
11314,1949.35,45.41,1.55,2.35,0.18,3
11315,1949.5,47.84,1.56,2.34,0.18,3
11316,1949.65,46.6,1.66,2.37,0.18,2
11317,1949.81,48.13,1.87,2.42,0.18,0
11318,1949.96,55.06,2.39,2.47,0.19,0
11319,1950.11,71.74,2.7,2.49,0.19,0
11320,1950.26,79.52,2.5,2.48,0.19,0
11321,1950.42,70.16,2.15,2.48,0.18,0
11322,1950.57,46.79,1.3,2.43,0.17,2
11323,1950.72,29.88,1.15,2.37,0.16,3
11324,1950.87,22.950000000000003,1.14,2.32,0.16,3
11325,1951.02,23.52,1.1,2.3,0.17,3
11326,1951.18,25.1,1.14,2.28,0.17,3
11327,1951.33,38.27,1.69,2.27,0.19,3
11328,1951.48,53.99,2.02,2.27,0.21,3
11329,1951.63,71.4,1.89,2.28,0.26,2
11330,1951.79,77.7,1.89,2.28,0.25,2
11331,1951.94,72.3,1.37,2.28,0.23,3
11332,1952.09,56.64,0.83,2.28,0.21,3
11333,1952.24,36.44,0.8,2.28,0.2,3
11334,1952.4,21.4,0.79,2.27,0.2,3
11335,1952.55,15.690000000000005,0.83,2.27,0.19,3
11336,1952.7,19.939999999999998,1.03,2.27,0.18,3
11337,1952.85,21.47,0.87,2.27,0.17,3
11338,1953.01,19.409999999999997,0.83,2.26,0.18,3
11339,1953.16,14.140000000000008,0.84,2.25,0.19,3
11340,1953.31,13.689999999999998,0.96,2.24,0.2,3
11341,1953.46,14.319999999999993,1.04,2.25,0.2,3
11342,1953.62,14.030000000000001,1.0700000000000003,2.28,0.19,3
11343,1953.77,14.189999999999998,1.16,2.3,0.2,3
11344,1953.92,17.760000000000005,1.74,2.32,0.19,3
11345,1954.07,21.68,2.06,2.36,0.19,0
11346,1954.23,27.070000000000004,2.69,2.39,0.18,0
11347,1954.38,32.86,2.9,2.44,0.19,0
11352,1955.14,91.03,2.74,2.34,0.19,2
11357,1955.9,85.24,2.15,2.53,0.23,2
11358,1956.05,76.05,2.16,2.49,0.23,2
11359,1956.21,80.69,2.19,2.47,0.22,2
11360,1956.36,96.35,2.64,2.42,0.21,2
11367,1957.43,91.66,2.46,2.4,0.21,2
11368,1957.58,88.15,2.33,2.39,0.22,2
11369,1957.73,89.39,2.3,2.38,0.23,2
11370,1957.88,96.81,2.91,2.38,0.26,2
11375,1958.64,93.07,1.39,2.31,0.22,2
11376,1958.8,75.18,1.37,2.3,0.23,2
11377,1958.95,65.2,1.26,2.3,0.21,3
11378,1959.1,57.71,1.21,2.31,0.19,3
11379,1959.25,50.24,1.29,2.3,0.18,3
11380,1959.41,44.84,1.35,2.33,0.18,3
11381,1959.56,40.47,1.27,2.35,0.19,3
11382,1959.71,43.47,1.36,2.37,0.2,3
11383,1959.86,54.48,1.6,2.37,0.21,2
11384,1960.02,68.16,1.69,2.36,0.21,2
11385,1960.17,73.39,1.74,2.34,0.21,2
11386,1960.32,73.1,1.77,2.33,0.21,2
11387,1960.47,72.37,2.15,2.36,0.21,2
11388,1960.63,77.02,2.44,2.4,0.22,2
11396,1961.85,76.49,1.01,2.32,0.22,3
11397,1962.0,54.65,1.02,2.26,0.21,3
11398,1962.15,44.84,1.01,2.27,0.2,3
11399,1962.3,44.79,1.02,2.28,0.2,3
11400,1962.45,48.93,1.15,2.31,0.2,3
11401,1962.61,51.99,1.15,2.31,0.21,3
11402,1962.76,50.05,1.17,2.32,0.21,3
11403,1962.91,45.51,1.17,2.32,0.2,3
11404,1963.06,46.53,1.24,2.31,0.2,3
11405,1963.22,54.14,1.23,2.31,0.2,3
11406,1963.37,60.39,1.29,2.32,0.22,3
11407,1963.52,59.36,1.31,2.33,0.22,3
11408,1963.67,58.9,1.51,2.33,0.22,2
11409,1963.83,63.62,1.74,2.37,0.21,2
11410,1963.98,76.17,2.28,2.4,0.21,2
11458,1971.29,68.49,0.82,2.58,0.28,1
11459,1971.45,77.24,0.65,2.4,0.27,1
11460,1971.6,98.52,0.61,2.28,0.26,1
11462,1971.9,84.68,0.6000000000000001,2.2,0.24,3
11463,1972.06,50.29,0.6000000000000001,2.22,0.24,3
11464,1972.21,27.36,0.64,2.24,0.24,3
11465,1972.36,18.629999999999995,0.64,2.24,0.23,3
11466,1972.51,20.21,0.64,2.22,0.24,3
11467,1972.67,21.129999999999995,0.61,2.2,0.24,3
11468,1972.82,21.25,0.64,2.21,0.24,3
11469,1972.97,21.15,0.76,2.23,0.25,3
11470,1973.12,21.83,0.76,2.26,0.25,3
11471,1973.28,23.63,0.82,2.25,0.26,3
11472,1973.43,24.76,0.64,2.23,0.25,3
11473,1973.58,25.54,0.64,2.21,0.24,3
11474,1973.73,23.96,0.67,2.21,0.23,3
11475,1973.88,21.47,0.73,2.22,0.24,3
11476,1974.04,22.83,1.13,2.22,0.25,3
11477,1974.19,31.52,2.02,2.18,0.26,3
11478,1974.34,48.01,2.1,2.21,0.25,3
11479,1974.49,62.14,1.3,2.22,0.24,3
11480,1974.65,70.19,1.3,2.29,0.23,3
11481,1974.8,67.48,0.92,2.29,0.24,3
11482,1974.95,59.43,1.02,2.31,0.25,3
11483,1975.1,65.44,1.88,2.28,0.26,2
11484,1975.26,78.94,2.05,2.29,0.26,2
11485,1975.41,96.64,1.6,2.28,0.25,1
11486,1975.56,92.51,1.03,2.3,0.23,1
11487,1975.71,75.6,0.72,2.25,0.22,3
11488,1975.87,58.7,0.72,2.24,0.22,3
11489,1976.02,42.65,0.66,2.21,0.21,3
11490,1976.17,32.42,0.66,2.22,0.21,3
11491,1976.32,21.97,0.71,2.23,0.22,3
11492,1976.48,18.439999999999998,0.71,2.26,0.22,3
11493,1976.63,18.9,0.71,2.29,0.23,3
11494,1976.78,19.58,0.71,2.31,0.22,3
11495,1976.93,21.4,0.83,2.28,0.22,3
11496,1977.09,23.010000000000005,0.76,2.25,0.22,3
11497,1977.24,25.22,0.81,2.22,0.22,3
11498,1977.39,26.07,0.72,2.23,0.22,3
11499,1977.54,25.78,0.74,2.25,0.22,3
11500,1977.69,24.88,0.74,2.27,0.22,3
11501,1977.85,22.83,0.82,2.27,0.21,3
11502,1978.0,21.64,0.82,2.27,0.21,3
11503,1978.15,19.72,0.84,2.27,0.21,3
11504,1978.3,18.07,0.78,2.27,0.2,3
11505,1978.46,15.79,0.84,2.28,0.2,3
11506,1978.61,14.649999999999999,0.86,2.29,0.21,3
11507,1978.76,14.36,0.88,2.29,0.21,3
11508,1978.91,14.530000000000001,0.84,2.28,0.21,3
11509,1979.07,14.29,0.82,2.27,0.21,3
11510,1979.22,14.119999999999997,0.81,2.25,0.2,3
11511,1979.37,13.899999999999999,0.8,2.24,0.2,3
11512,1979.52,13.730000000000004,0.8,2.24,0.2,3
11513,1979.68,14.480000000000004,0.76,2.26,0.2,3
11514,1979.83,15.280000000000001,0.75,2.27,0.21,3
11515,1979.98,15.740000000000002,0.75,2.29,0.2,3
11516,1980.13,15.15999999999999,0.77,2.3,0.2,3
11517,1980.29,14.579999999999998,0.77,2.31,0.19,3
11518,1980.44,13.68,0.9,2.29,0.19,3
11519,1980.59,13.230000000000004,0.91,2.27,0.19,3
11520,1980.74,13.469999999999999,0.79,2.26,0.19,3
11521,1980.9,14.199999999999996,0.79,2.25,0.21,3
11522,1981.05,14.769999999999996,0.72,2.24,0.22,3
11523,1981.2,13.920000000000002,0.7,2.23,0.23,3
11524,1981.35,13.18,0.69,2.22,0.23,3
11525,1981.5,12.5,0.7,2.23,0.23,3
11526,1981.66,12.890000000000008,0.7,2.24,0.24,3
11527,1981.81,13.689999999999998,0.69,2.24,0.23,3
11528,1981.96,18.629999999999995,0.73,2.26,0.23,3
11529,1982.11,25.999999999999996,0.85,2.28,0.22,3
11530,1982.27,34.56,0.95,2.29,0.23,3
11531,1982.42,33.83,0.76,2.27,0.22,3
11532,1982.57,27.99,0.68,2.25,0.23,3
11533,1982.72,19.43,0.67,2.25,0.22,3
11534,1982.88,16.47,0.78,2.26,0.22,3
11535,1983.03,15.449999999999996,0.81,2.25,0.21,3
11536,1983.18,15.670000000000002,0.83,2.22,0.22,3
11537,1983.33,15.230000000000004,0.82,2.18,0.24,3
11538,1983.49,15.119999999999997,0.62,2.17,0.24,3
11539,1983.64,15.46,0.66,2.2,0.23,3
11540,1983.79,14.899999999999999,0.7,2.23,0.22,3
11541,1983.94,14.440000000000005,0.68,2.26,0.22,3
11542,1984.1,13.299999999999997,0.65,2.25,0.22,3
11543,1984.25,13.18,0.66,2.25,0.21,3
11544,1984.4,13.350000000000001,0.69,2.25,0.21,3
11545,1984.55,14.89,0.7,2.25,0.21,3
11546,1984.71,16.18,0.71,2.26,0.21,3
11547,1984.86,17.54,0.71,2.27,0.22,3
11548,1985.01,17.200000000000003,0.66,2.34,0.22,3
11549,1985.16,16.35,0.64,2.4,0.21,3
11550,1985.31,14.990000000000002,0.5800000000000001,2.42,0.21,3
11551,1985.47,14.260000000000005,0.47,2.37,0.21,3
11552,1985.62,14.490000000000002,0.3999999999999999,2.35,0.21,3
11553,1985.77,14.659999999999997,0.49,2.36,0.22,3
11554,1985.92,14.43,0.44999999999999996,2.39,0.24,3
11555,1986.08,15.15999999999999,0.4099999999999999,2.41,0.27,3
11556,1986.23,16.739999999999995,0.51,2.41,0.28,3
11557,1986.38,21.519999999999996,0.61,2.46,0.26,2
11558,1986.53,31.91,0.9900000000000001,2.5,0.24,2
11559,1986.69,52.16,2.24,2.45,0.24,0
11560,1986.84,83.25,2.24,2.35,0.24,2
11566,1987.75,84.4,0.93,2.33,0.2,2
11567,1987.91,63.4,1.01,2.36,0.2,3
11568,1988.06,54.36,1.29,2.35,0.2,3
11569,1988.21,55.31,1.29,2.37,0.2,2
11570,1988.36,59.64,1.49,2.38,0.2,2
11571,1988.52,65.66,1.46,2.38,0.2,2
11572,1988.67,71.52,1.68,2.35,0.19,2
11573,1988.82,74.75,1.68,2.33,0.19,2
11574,1988.97,73.44,1.32,2.33,0.18,3
11575,1989.12,69.24,1.16,2.32,0.19,3
11576,1989.28,62.89,1.18,2.37,0.21,2
11577,1989.43,60.79,1.3,2.42,0.22,2
11578,1989.58,62.55,1.73,2.5,0.22,2
11579,1989.73,73.08,2.86,2.47,0.22,0
11589,1991.26,93.26,0.81,2.23,0.24,3
11590,1991.41,87.98,0.77,2.22,0.24,3
11591,1991.56,78.4,0.73,2.21,0.22,3
11592,1991.72,67.89,0.7,2.21,0.22,3
11593,1991.87,54.1,0.69,2.2,0.22,3
11594,1992.02,44.62,0.67,2.21,0.22,3
11595,1992.17,35.26,0.67,2.23,0.22,3
11596,1992.33,30.32,0.67,2.25,0.21,3
11597,1992.48,25.61,0.83,2.25,0.21,3
11598,1992.63,24.13,0.83,2.26,0.21,3
11599,1992.78,27.92,0.83,2.25,0.22,3
11600,1992.93,37.63,0.78,2.26,0.22,3
11601,1993.09,50.17,0.84,2.26,0.22,3
11602,1993.24,63.96,1.04,2.27,0.21,3
11603,1993.39,73.49,0.87,2.26,0.2,3
11604,1993.54,77.12,0.85,2.28,0.2,3
11605,1993.7,68.32,0.86,2.29,0.2,3
11606,1993.85,54.43,0.95,2.31,0.2,3
11607,1994.0,41.27,0.97,2.3,0.21,3
11608,1994.15,35.89,0.97,2.29,0.22,3
11609,1994.31,40.49,0.9900000000000001,2.28,0.22,3
11610,1994.46,49.68,0.98,2.27,0.22,3
11611,1994.61,57.56,0.97,2.29,0.21,3
11612,1994.76,57.15,1.0,2.29,0.21,3
11613,1994.92,54.48,1.0,2.29,0.21,3
11614,1995.07,53.24,1.16,2.28,0.21,3
11615,1995.22,56.52,1.11,2.28,0.21,3
11616,1995.37,61.63,0.86,2.29,0.22,3
11617,1995.53,64.47,0.86,2.26,0.21,3
11618,1995.68,60.45,0.82,2.26,0.21,3
11619,1995.83,52.16,0.8,2.26,0.22,3
11620,1995.98,44.1,0.74,2.27,0.22,3
11621,1996.14,35.81,0.73,2.28,0.22,3
11622,1996.29,30.04,0.73,2.24,0.22,3
11623,1996.44,26.12,0.73,2.22,0.23,3
11624,1996.59,24.929999999999996,0.73,2.2,0.23,3
11625,1996.74,23.55,0.7,2.21,0.23,3
11626,1996.9,22.480000000000004,0.7,2.22,0.22,3
11627,1997.05,22.769999999999996,0.72,2.22,0.22,3
11628,1997.2,23.52,0.72,2.23,0.21,3
11629,1997.35,23.29,0.73,2.24,0.21,3
11630,1997.51,21.810000000000002,0.73,2.25,0.21,3
11631,1997.66,19.939999999999998,0.75,2.25,0.2,3
11632,1997.81,18.629999999999995,0.78,2.25,0.2,3
11633,1997.96,19.65,0.79,2.25,0.2,3
11634,1998.12,20.72,0.8,2.24,0.2,3
11635,1998.27,21.629999999999995,0.79,2.25,0.21,3
11636,1998.42,21.230000000000004,0.77,2.27,0.19,3
11637,1998.57,20.43,0.76,2.29,0.18,3
11638,1998.73,19.799999999999997,0.76,2.28,0.17,3
11639,1998.88,20.03,0.79,2.29,0.17,3
11640,1999.03,19.980000000000004,0.88,2.29,0.17,3
11641,1999.18,19.700000000000003,0.86,2.3,0.18,3
11642,1999.34,19.260000000000005,0.84,2.29,0.19,3
11643,1999.49,20.4,0.83,2.27,0.19,3
11644,1999.64,22.1,0.82,2.26,0.19,3
11645,1999.79,22.32,0.84,2.26,0.19,3
11646,1999.95,21.810000000000002,0.83,2.25,0.19,3
11647,2000.1,22.61,0.85,2.25,0.19,3
11648,2000.25,22.89,0.85,2.27,0.2,3
11649,2000.4,23.79,0.82,2.29,0.19,3
11650,2000.55,22.409999999999997,1.09,2.32,0.18,3
11651,2000.71,23.260000000000005,1.03,2.31,0.17,3
11652,2000.86,25.01,0.95,2.29,0.18,3
11653,2001.01,25.759999999999998,0.84,2.27,0.18,3
